max_comp,max_sum
0,0
1,5.81095326309741
0,0
0,0
0,0
0,0
6,44.9707214251231
0,0
2,16.261332373101
1,4.50592881077816
0,0
0,0
2,12.7396316550463
1,13.3255075755305
2,13.0384532402361
3,25.4695904879218
1,4.10479007700662
3,15.3309173831447
7,43.7544119649472
8,45.7745707686102
0,0
2,12.8196982223415
0,0
0,0
0,0
0,0
1,12.8402643945536
10,84.596730311196
0,0
2,11.7631607777837
0,0
4,39.0347582061424
8,46.8652090756653
2,15.3925892279848
0,0
1,9.8216531265696
3,18.1182151004773
0,0
2,14.5929567849953
0,0
1,8.07365245869856
0,0
1,6.6392276979145
4,37.6135030685609
1,5.84098633908578
0,0
0,0
0,0
3,14.5883190231193
0,0
1,8.47498480028487
1,8.33340082034225
0,0
2,16.5550026695734
1,7.89647584121558
0,0
2,10.2783344359212
2,11.538147887372
0,0
7,70.1493521566445
0,0
0,0
1,10.8324055809272
0,0
0,0
0,0
6,32.7286410080895
0,0
0,0
1,5.75949458719558
0,0
0,0
0,0
1,7.98681509822869
0,0
3,18.7718562982881
0,0
8,74.008290024564
2,21.4093204143753
2,14.426620169486
0,0
0,0
9,74.6150523334363
1,4.37943848714899
0,0
5,27.6773119532328
3,19.4176353783483
0,0
2,8.72488862480354
0,0
0,0
1,8.00441062348381
2,17.3226425612339
0,0
5,53.4633851185732
0,0
3,17.5924506434508
1,4.49572856352877
0,0
8,51.6765358422642
0,0
0,0
1,13.2376069271913
5,41.7793643876003
0,0
9,79.3528924371152
1,4.70326080467466
0,0
21,214.268151155812
0,0
5,32.5017598925547
2,16.0965659932819
1,7.70975249718044
0,0
0,0
0,0
3,24.5040148805969
1,5.28933264873225
1,7.69748050122159
5,28.3130920290549
0,0
12,85.655137932808
0,0
1,9.19384189390058
2,17.8530791763168
1,6.28938432229272
0,0
1,7.1524599158384
1,5.33592610185476
0,0
0,0
8,67.5505346973798
1,5.67676888687324
1,9.64958250543686
0,0
0,0
2,13.7868255411817
0,0
1,5.50832214175607
0,0
10,110.114854225024
2,16.5907966430358
1,8.4777315131342
0,0
0,0
0,0
3,27.2820566557802
3,18.0203238389282
1,13.211179013372
0,0
3,24.7336418397736
1,5.16417847342657
0,0
0,0
1,6.80734435249788
0,0
1,8.4533169477473
0,0
0,0
3,22.2493321824257
1,8.07061457778061
1,9.52691783089142
13,106.032014980999
0,0
0,0
0,0
1,4.34409744018083
4,33.2539803065116
4,23.3140836836381
0,0
0,0
0,0
0,0
2,16.2226634314039
2,20.3253602713282
0,0
2,18.8201137478787
0,0
1,10.4503576652455
0,0
3,20.7376759186711
2,17.0656672686825
0,0
1,8.3591835137299
8,57.8256030280084
0,0
4,31.452508874013
0,0
1,7.23900412272919
0,0
0,0
0,0
3,29.7317052926623
0,0
0,0
3,25.5067651160053
0,0
2,10.2962079716157
12,127.621026877491
1,6.08509265065448
1,6.16544153651491
1,7.99621173543856
0,0
11,97.7832079690483
1,11.2115052135898
2,17.5437913465003
0,0
21,197.076356506759
0,0
1,4.90151952663963
1,6.14359319412988
0,0
1,4.43109106326316
3,19.8909688423244
0,0
0,0
0,0
1,12.9926626564999
1,7.7438632476932
0,0
2,17.6682721801027
3,27.0482596781844
1,7.7635675136833
1,9.49245297933258
0,0
0,0
3,23.4559025797831
2,21.5985491762645
1,10.6030949700916
2,16.9023421692298
1,5.73613720717962
5,33.5792781002257
0,0
0,0
2,20.073191949135
0,0
1,9.6725743570262
4,34.3741122564028
3,15.3303553032936
4,31.5201576153699
13,121.16943101761
0,0
1,11.0424639570039
2,13.3846786722708
3,23.184162885125
1,9.7545014108533
0,0
1,7.42902435776491
4,32.0142312209364
2,15.111039517214
0,0
2,9.91865636254761
5,56.9011399829125
0,0
4,33.8294327917432
6,47.1610180695169
2,11.6726898128726
1,5.08652108201701
2,12.4050130753641
8,74.7544279546905
0,0
0,0
0,0
5,37.8434044625436
0,0
11,115.266631781361
0,0
1,7.5408483943304
0,0
5,44.3843326522227
0,0
5,49.1649700611299
0,0
3,23.0994741755933
3,27.279764359113
1,5.4167587986274
0,0
0,0
0,0
5,38.1487233387106
0,0
7,71.3272964588401
0,0
0,0
2,10.066396175428
0,0
2,21.642251043494
1,7.67847113730878
1,10.6656831901457
0,0
1,7.18538716865035
0,0
1,7.62914369138587
0,0
2,19.4637543499647
0,0
1,12.2346914694391
13,115.148222342931
0,0
2,17.5566465253528
0,0
1,7.30085557196986
0,0
0,0
7,78.8489406629395
1,6.9167404323109
0,0
0,0
0,0
1,7.64001940486595
0,0
0,0
3,16.0536430794741
0,0
0,0
2,9.00671659047556
0,0
1,7.79625814780602
7,51.8216245119858
0,0
1,7.56516245918443
0,0
1,7.24808527924285
1,8.14452588464261
2,19.927857348266
1,6.17795264786801
1,8.32804284389414
7,57.2689546541171
0,0
0,0
11,106.001850981495
0,0
2,13.271697300293
0,0
0,0
12,144.240510608221
2,21.2537936235838
1,8.71061871166937
0,0
1,7.46626735063572
0,0
0,0
1,5.15925197134796
9,55.5240873844813
1,8.2745698949176
1,7.52312663923799
0,0
10,72.0275444574954
2,19.4259322302642
0,0
1,5.77259943489495
3,24.8212880831544
10,77.2024161212252
3,19.5038154975056
5,25.9503699165969
3,34.8279627834237
1,14.2432790437633
1,5.10591592550763
0,0
0,0
13,147.751815707662
1,6.56402229264515
2,17.9985267853187
0,0
6,33.0322282622437
1,7.46957535221593
0,0
1,10.8975797860453
1,4.045033208383
2,22.7548509519601
2,9.6333032361695
1,7.92510157373942
1,7.84529964098257
3,29.7914241358985
0,0
0,0
4,48.9037893294732
1,8.63908513545899
0,0
0,0
5,44.8670692473835
0,0
1,7.39461711719818
0,0
0,0
4,36.9010822206602
0,0
0,0
0,0
1,5.04022046395041
0,0
1,8.19799149568593
6,50.571455176579
2,16.6643374512786
8,73.5115549583491
1,8.92093291507962
2,17.4974429399767
1,7.23957324097995
0,0
2,21.5228840928666
1,7.50619519705545
1,8.84264364590283
1,8.0734231168371
0,0
1,8.11964889486424
0,0
0,0
1,5.3772139101054
1,4.29725189340976
1,5.16373089230349
1,7.42419185769919
3,22.5547686495237
1,9.22485749813199
4,26.0491986694857
0,0
0,0
0,0
0,0
0,0
6,79.5408341272502
7,51.9970614351239
0,0
0,0
2,11.9697735455216
2,17.6920114408773
0,0
0,0
1,9.67598742082742
2,17.2534983262886
0,0
9,68.345851377254
12,80.9202842472329
0,0
2,10.0026332726643
0,0
1,7.2642258300613
4,33.947459851775
0,0
1,10.2911040948349
0,0
1,8.32885298475498
1,8.35993836258893
0,0
4,35.5140929421989
0,0
0,0
0,0
0,0
0,0
0,0
0,0
2,10.678913559913
1,8.25439918807362
0,0
0,0
1,8.04455502385263
4,35.3358631597581
0,0
1,7.9011086761019
8,59.2711740207245
0,0
1,7.72317697468488
1,9.32605038117008
1,7.76738008417043
4,27.8349069697679
1,4.37150241875687
1,7.21656503113443
0,0
10,73.2762758519436
2,12.4319275405317
13,127.287944685204
2,11.5035170786314
1,7.47490888189155
4,56.9241117477361
1,10.6158326430457
1,7.60823480964304
0,0
0,0
2,11.4515854074998
2,14.0948405965185
1,4.384153836775
0,0
0,0
1,8.65516158731881
0,0
0,0
1,7.61596224506788
0,0
0,0
1,4.96920975197199
1,5.0673175640708
7,57.8713149040392
0,0
0,0
0,0
0,0
1,6.1411373116981
0,0
0,0
1,7.61636730844862
1,7.40333179151656
0,0
2,15.3232988607865
0,0
2,17.2292442128978
3,20.0553685751354
10,96.3091370027385
1,15.6738767007603
0,0
6,39.6575772863297
9,73.2236104315932
9,78.0955181413784
0,0
0,0
1,4.34368407858846
0,0
0,0
0,0
2,15.575110295871
2,16.9138202230815
3,27.2684442526226
0,0
13,137.326437888996
1,7.57276453699029
8,62.3445839739596
0,0
1,5.69180598782549
1,4.72683592404886
1,7.91694032971466
1,7.50145988042913
1,7.90540105672762
13,111.779434858567
10,86.4935773041473
0,0
5,46.090139587252
5,36.5058810179527
0,0
0,0
2,15.6921379012758
15,151.99559309118
4,23.7116584055855
0,0
0,0
0,0
0,0
0,0
2,16.4959256058873
0,0
2,20.5409132791534
0,0
6,54.5394894279586
8,57.6782695191198
2,20.2384676679152
5,38.0269301821281
0,0
2,15.0418252163636
0,0
0,0
1,7.1853783419734
1,7.98994553171231
3,24.5340090522966
11,127.09257118105
0,0
1,7.48132404103237
0,0
5,30.0591475358142
1,9.00903216784294
3,22.5764591174415
0,0
0,0
11,70.643079899643
0,0
1,5.79088654178678
0,0
8,70.3562957082549
1,9.27373729484967
0,0
1,6.13821500465488
0,0
7,55.5822330254898
0,0
0,0
2,17.8185341122001
8,66.7826552177278
0,0
5,42.7788131275769
0,0
1,6.23688748112479
3,24.6272284738564
6,56.8959769858327
0,0
0,0
3,21.5437990128525
0,0
3,26.1678585193087
0,0
10,59.3742467597424
1,7.36717720438099
0,0
7,54.5455013207056
1,6.33985430728588
0,0
0,0
1,8.11836943453402
2,15.2832579320173
0,0
2,17.141915474613
1,5.79765397309754
0,0
0,0
0,0
0,0
0,0
0,0
2,16.6750687309948
0,0
1,10.7433862287868
2,18.3273985561712
3,24.2553658312542
0,0
1,5.08865567261041
11,103.779674867741
3,25.4248331162262
15,121.716012362549
2,13.2099947842365
1,6.46911881510537
1,4.39017462552859
5,34.1727244815648
0,0
6,46.3020050124583
6,44.3143181017243
2,14.8501414295829
0,0
1,6.72433659040722
0,0
2,15.3405719698228
1,5.56016561452691
0,0
0,0
0,0
1,4.61614921079209
0,0
10,101.657619280235
0,0
10,81.6108587605651
3,25.4478030900161
0,0
0,0
0,0
4,27.3203814978613
0,0
1,5.69274222565669
1,10.2442807006875
14,113.422065639634
0,0
5,39.9421387778514
0,0
1,7.75382563317775
4,38.5000669356579
0,0
1,8.25906861822192
0,0
0,0
0,0
1,6.62998415835803
0,0
0,0
1,7.6638753449772
0,0
2,17.3728169456238
1,8.35824212644775
1,7.23158969234613
1,5.81041523987567
1,7.46196179061091
0,0
0,0
0,0
1,4.86081555111543
0,0
1,7.82380772830953
0,0
0,0
0,0
2,14.0536590172128
0,0
1,5.00997815449467
0,0
5,43.0024580278337
0,0
3,18.8264728652759
1,8.11760636671374
2,11.9365966649686
1,10.2156807000109
1,6.09438253937616
1,9.89741780330388
0,0
0,0
8,72.8870513197457
0,0
0,0
1,4.51469679215371
0,0
0,0
1,9.62782161719986
0,0
0,0
1,8.52627259214426
1,7.41255515635481
6,61.2216108407992
2,13.3917010192903
0,0
3,26.408590769768
1,5.16656064211508
4,34.4480050433319
0,0
1,7.26448392889327
0,0
5,27.2897057366931
4,33.2506211043632
3,22.1095741289276
0,0
1,9.15289819953075
0,0
9,82.9042504774346
0,0
8,60.9448264301236
0,0
0,0
12,152.594289038414
3,19.749701336474
6,46.7152426821686
0,0
2,15.6910550667621
3,31.3923696648305
0,0
7,52.8720082265549
13,102.488140157695
3,23.2160657111505
0,0
0,0
11,90.5313824565188
0,0
4,29.1167812392627
2,19.4522247438459
0,0
0,0
0,0
0,0
0,0
0,0
0,0
1,9.22773592911444
2,13.1180142776925
0,0
1,5.90912848833278
0,0
1,5.50347507128659
2,21.8619889914844
0,0
0,0
0,0
0,0
9,55.6317602078195
0,0
12,71.5383070317107
1,8.24363581148253
7,59.413050992792
1,4.49706412972898
0,0
0,0
0,0
1,6.45420732655048
0,0
1,6.91682469194678
1,7.42902614218527
1,7.71539484435807
3,25.2148991989322
1,6.03417076282423
2,16.7269687606203
0,0
0,0
5,49.6204579456272
1,7.80673642041939
0,0
1,5.82420488857066
2,14.5056226044518
1,8.47606240151395
0,0
1,7.44528246420158
12,129.853863239242
2,16.6103189457273
1,6.02391697770423
0,0
0,0
0,0
20,238.294400336117
0,0
1,8.14439056124451
1,9.04169600470007
0,0
0,0
1,6.63103449308449
0,0
1,8.9659859174248
0,0
0,0
0,0
0,0
1,5.03412610461283
0,0
0,0
2,13.2159981330871
0,0
4,34.4284748948782
0,0
1,6.57520688417126
0,0
1,7.26015358689748
4,20.7385456183102
0,0
13,98.9445061016515
0,0
1,8.82698237860469
5,36.048005171901
0,0
1,7.41641679050983
0,0
0,0
1,8.57233138419858
1,7.37787759184415
2,19.1533315836244
1,7.20180700896098
0,0
1,7.29673624248884
0,0
0,0
0,0
5,36.6464135772938
1,7.42389273164478
0,0
1,7.59370221025235
0,0
6,42.4315674990457
4,29.7679894163173
3,19.536296949269
0,0
1,10.8547233400805
1,10.737853850347
10,83.3405720492715
0,0
0,0
4,41.0324771491977
0,0
1,7.36973629948484
0,0
0,0
2,15.1396417794023
0,0
1,6.60426100660558
1,7.75410350714695
3,31.0900070425666
2,12.339290913397
0,0
0,0
4,24.3950223197657
2,26.5277109229983
0,0
0,0
0,0
0,0
10,70.6197747902972
0,0
0,0
0,0
1,8.02502536622497
3,24.6791434914335
0,0
7,68.4470354633674
0,0
1,11.2821658081416
1,8.27617957912793
1,14.1978384970305
1,9.9192947449898
0,0
0,0
6,39.068480267406
5,50.6618411038145
9,55.9135604462547
1,7.50917232733493
5,36.4648491321542
1,7.17186627474149
7,60.8426580496514
11,92.9722922344911
1,4.39536854637281
1,10.1145284771387
1,5.91094323710838
15,154.036763887973
8,44.819249101432
3,17.0121118917987
0,0
0,0
9,48.2002653870043
0,0
0,0
1,7.40994487700458
0,0
0,0
1,7.90210895885295
0,0
1,6.17103478224788
0,0
2,14.6391675077429
2,17.0794271746292
1,8.86332399531911
2,13.3665920737557
0,0
5,36.2329242731152
0,0
8,78.6267441052459
0,0
0,0
0,0
0,0
1,7.17535982667049
0,0
1,7.44394025507581
7,64.1947417487626
0,0
1,10.9934794696858
6,34.679655651894
0,0
5,31.24009609969
1,7.22941721526418
3,27.115947121225
0,0
0,0
1,8.38905819728206
1,6.27792695022957
0,0
0,0
0,0
0,0
13,110.904415908769
1,10.3828182120012
0,0
0,0
1,7.52809154764827
0,0
1,8.87613319106536
4,31.4908431732091
1,8.77246185556674
2,17.1751616092561
9,58.1960408513329
1,7.82582779792338
0,0
31,348.876631809795
2,16.8814507669284
0,0
2,14.5506008235287
0,0
1,5.24797380735949
2,13.5420972624874
0,0
1,7.21291783054935
12,96.8227327485133
6,69.2489284826751
3,22.3011434268999
8,53.6541892736727
3,34.1609643540522
0,0
1,10.5792097782564
1,5.82346129818381
0,0
0,0
4,27.9922191154591
1,7.57751340437517
0,0
2,11.6685372968595
0,0
6,42.0298569463625
1,7.73702031062307
4,30.6995897955564
5,43.0494883721579
0,0
1,5.39714748406172
0,0
6,41.8028484842571
0,0
1,3.88562247301001
0,0
6,36.8288052722552
0,0
2,15.044416455147
2,10.8715702821804
1,8.10027891076921
3,25.1538037715889
1,7.44640502463298
0,0
0,0
0,0
1,8.49857319351894
1,5.53670568860048
2,10.7876955479597
4,32.3027241118585
1,12.7689358251943
1,5.78470752762858
0,0
0,0
1,8.23679194813679
1,8.96461429116367
0,0
0,0
2,15.3116344747558
0,0
1,6.85419645663409
0,0
1,7.54068409457483
0,0
1,8.94531407102062
6,86.5598529451438
8,71.3116894734298
1,6.29923734345983
3,23.3625332233374
0,0
2,10.3145447708351
6,41.8920014855686
3,24.1381464701897
10,71.070468022556
2,20.3701409402953
1,8.8681280654
2,9.97900506008406
1,4.91176165909332
0,0
7,74.5208133908065
6,51.249140072039
2,16.3022394389592
0,0
1,5.00963455979481
9,81.1004366436843
13,116.995457320488
0,0
0,0
17,161.097354641665
1,7.53352268848898
0,0
1,5.71287512535918
1,14.3731997607958
1,7.66620663729185
3,20.5300659672864
1,8.42282966498343
0,0
0,0
1,5.76459677757163
1,8.15367187450953
0,0
0,0
0,0
0,0
1,7.5741796570428
0,0
4,34.892632623831
1,4.89121719969138
0,0
0,0
3,24.3497200921978
11,90.665765155523
0,0
0,0
3,26.0755157385668
1,7.70697743327841
0,0
0,0
0,0
0,0
6,35.4856308186718
1,7.54597426749063
0,0
0,0
1,7.6065441477485
0,0
2,10.0596661136313
0,0
0,0
1,7.71281415064147
0,0
8,73.1063404979853
3,23.4149107413925
3,16.0432505758715
0,0
0,0
3,18.4485964885342
0,0
2,15.2810888034743
0,0
0,0
0,0
1,8.26072146171013
0,0
8,45.1858396688099
4,26.5112575617582
0,0
0,0
0,0
1,6.4692643436979
1,7.36120290952921
1,4.0793290387617
2,15.5475543612802
0,0
0,0
2,14.9388905465584
1,8.81544192187104
10,87.2973363035567
0,0
0,0
1,10.755403255866
1,7.15803668234561
0,0
2,15.6651773665547
1,3.85635777751531
0,0
0,0
1,5.50491234985211
0,0
0,0
5,27.6988047527527
11,68.1430916409502
8,72.9430470986549
0,0
5,35.4066454175589
0,0
12,85.2249130224791
1,7.25202881573213
0,0
0,0
5,32.4008990714096
12,99.8792976839703
2,9.04723357986031
0,0
10,88.7954693712463
0,0
0,0
0,0
5,31.9319669588747
0,0
0,0
0,0
5,29.3080605122079
0,0
3,23.0624278501774
5,35.7794052394714
0,0
0,0
3,25.4887879035249
1,4.99163134013219
0,0
0,0
1,6.06693465415692
1,11.9671074431733
0,0
0,0
0,0
0,0
1,7.04260864814272
12,98.3088877249938
0,0
5,38.7195135478008
0,0
0,0
2,10.0574136699859
1,12.7478038744511
0,0
1,7.71070972920325
0,0
1,7.53265464509683
11,79.3462137835455
1,8.07758562854464
0,0
2,15.5599131196127
1,7.73868651815993
4,23.0202190107775
17,154.600166260467
0,0
0,0
0,0
0,0
0,0
0,0
0,0
1,10.9878461644719
1,8.0123803628025
4,24.6243295173218
0,0
0,0
1,8.17709716160849
0,0
1,7.65042124986459
0,0
0,0
1,7.68458005697159
3,17.846766699676
0,0
2,15.8239858007451
8,65.3205055086372
1,8.05225528681498
0,0
1,4.24875861715171
0,0
7,39.3268928639126
1,9.21087961695117
3,26.9943549273389
1,4.92593326048797
0,0
0,0
0,0
6,49.9057111683293
0,0
5,57.7792272649688
0,0
10,74.6822653158762
0,0
0,0
2,16.6155530391312
4,31.8598216909582
4,35.3971267459169
0,0
3,30.3377149234155
1,7.33405336024578
0,0
1,7.37635207044455
0,0
0,0
0,0
0,0
1,7.37757777384212
13,121.691772954588
0,0
6,36.6342562433803
1,6.00768025398692
7,56.6942620801304
6,44.5103564258602
0,0
4,29.5577550823387
0,0
1,8.81897369634637
3,23.6495125373046
2,14.6006284595437
5,43.071271485762
0,0
1,7.60183360796927
0,0
1,11.7255189025881
1,4.11409890113319
0,0
0,0
2,11.2874688479915
0,0
12,121.884773702771
1,6.02401419159004
0,0
1,7.5001451339077
0,0
0,0
2,34.4990379298117
3,17.9514675555393
2,10.3182065632272
2,16.507925180963
10,76.6117093027958
2,17.4599106983803
5,41.6712097698218
0,0
1,4.38003993122355
0,0
3,21.8962743470046
9,59.2802186201659
0,0
5,30.9951136720635
0,0
0,0
1,7.25188638539686
7,56.5486964645515
3,25.8313091717296
7,38.3654455277368
0,0
2,20.1287802703783
1,8.86416543431957
2,17.1879084401624
12,84.5370617319067
1,7.79771560558778
0,0
0,0
0,0
0,0
0,0
2,11.2524085684153
0,0
1,11.6659723219431
7,44.940724349418
0,0
2,15.291972557507
0,0
0,0
0,0
1,6.66089881862998
6,37.1207512375763
1,4.61216995480254
6,51.8226257899062
1,8.72410938680486
2,19.256251185458
1,5.11372724656558
0,0
0,0
1,5.53946188493739
0,0
16,228.769412816718
4,57.6239893980383
1,4.04342880620844
1,9.77172949812564
0,0
6,40.9190181534356
0,0
0,0
0,0
3,17.7790770572964
1,8.10328785113095
1,4.83256639691156
0,0
1,7.43665464346834
0,0
0,0
7,59.2320530764388
1,11.8283990277273
15,112.633008850735
0,0
5,42.1851956851506
3,19.3759272491253
0,0
0,0
0,0
3,30.5647307395058
8,56.7794884643887
0,0
0,0
0,0
1,7.73726703330768
2,13.3043628952101
7,48.5737670145589
14,141.884538658104
2,18.2012368382359
6,54.4898761938428
0,0
18,132.596064299221
0,0
0,0
3,23.0698503560265
6,40.0823665028455
0,0
2,12.4871452229546
1,7.24742255198212
0,0
2,15.8208094766045
1,6.7073593465363
1,5.53743457562524
0,0
0,0
0,0
0,0
0,0
0,0
1,10.8655635037637
1,8.10567848470102
8,79.9075115570787
15,112.328440303745
0,0
0,0
2,16.5614022740254
0,0
1,4.63285597178931
11,77.5493157755674
2,14.8428585571217
1,8.841546489901
1,6.03872061909983
1,5.77126263287994
10,74.2700336663672
1,11.6659022021406
0,0
1,6.43546271491082
0,0
0,0
2,14.2149281581066
1,11.0753108864401
1,5.74585049999917
1,10.636689433265
0,0
1,6.2022676858554
0,0
0,0
0,0
0,0
0,0
1,11.8063113715966
0,0
1,4.52368043574013
4,26.4836134459346
1,5.94785968092114
3,26.0862730014708
1,9.76865858601255
0,0
1,6.66315402334821
0,0
1,7.59410098644676
0,0
1,9.89257812707282
8,48.0047535924897
0,0
0,0
0,0
1,7.88642750067855
2,16.2548908316603
2,18.0871191416899
0,0
0,0
9,56.7090760691184
3,22.9641471182384
1,5.2798505891405
2,21.5490586004312
2,13.1642924655697
3,25.872391388649
0,0
6,51.7871366393411
0,0
1,12.8758001830778
0,0
3,32.2052421170113
0,0
0,0
1,8.16103822001936
0,0
6,46.6472895466751
1,5.91501402230669
0,0
11,95.9542944936547
0,0
12,130.275339516233
0,0
14,133.357586189048
0,0
0,0
0,0
0,0
0,0
0,0
0,0
2,17.3673356216761
1,3.7871440848353
1,7.34265264003825
1,6.12013706498759
10,90.2096699807577
0,0
0,0
0,0
0,0
4,27.1697993914431
0,0
3,22.8658282203646
1,10.4157303302638
0,0
1,6.40856307490384
0,0
0,0
6,32.4633427064936
1,10.789893698424
0,0
0,0
2,17.2815972313464
0,0
1,8.90668924406189
6,35.6824836423027
4,34.7506096258183
0,0
0,0
5,39.0692269956436
7,43.1658834728261
1,5.6756583362329
1,11.0368376106787
12,113.724094142162
3,21.3530424315825
1,4.07036168388605
1,7.43530211330395
4,29.8416862606071
6,55.6646647987541
3,22.3563946315702
1,8.59202766448931
1,7.75114771474105
3,24.1926908679597
0,0
0,0
0,0
3,24.2912250255713
0,0
2,14.9902877510941
13,137.553481002023
1,7.23377327240218
3,22.0743437021959
0,0
0,0
0,0
1,10.5764510357659
0,0
3,20.5178722489026
1,7.19876272774969
0,0
1,4.84525986462658
2,17.7305745221381
4,34.1371184241257
0,0
10,64.5063818877583
0,0
0,0
2,16.0009818094563
1,7.4620808074888
4,35.3608493621526
0,0
2,17.6920977899069
0,0
13,133.210879624113
0,0
0,0
2,12.364972196831
0,0
0,0
1,15.1166030678968
0,0
1,4.30352292627706
0,0
1,7.46642040528726
1,8.93992540365487
0,0
0,0
1,5.94045344771576
0,0
0,0
0,0
0,0
1,7.5960572734664
1,7.48378871141442
0,0
0,0
0,0
0,0
0,0
8,63.3795838038365
2,16.1058095357864
0,0
0,0
4,29.1311444168615
5,44.5401029454385
0,0
2,17.8696666861287
5,30.1035702026356
3,19.7638700309834
0,0
1,5.45375150799444
10,73.2418494279989
0,0
3,21.45557956467
1,7.30989817765074
4,56.4434737606156
0,0
1,7.61910066994365
0,0
3,31.3617509632632
0,0
1,7.89945175662582
0,0
3,36.9920846726282
8,107.878789313889
1,5.23334610410347
0,0
2,14.9503262486668
1,10.7935245356242
0,0
0,0
10,100.845117522411
0,0
5,33.3094671088145
2,14.1139015280634
3,16.2102381434489
1,8.23828313460946
0,0
0,0
3,31.4777640065744
2,10.7770741388525
2,17.9497208209481
1,7.27305060068249
1,10.2587257996981
0,0
0,0
1,12.1184542019577
2,11.9543620936485
2,26.2091451148189
0,0
0,0
0,0
7,48.948707796445
1,10.0172283900487
2,13.6498190526188
0,0
2,19.5291347364763
8,64.3852317937583
14,151.247397743334
1,6.70946259085831
2,20.6587909846729
0,0
0,0
0,0
0,0
2,19.4279634686589
0,0
0,0
1,7.48891448837716
4,20.7765961387997
6,60.069031188106
0,0
10,94.5692963432805
0,0
0,0
1,5.08529025022699
1,7.65361856736876
0,0
0,0
1,6.71512395057261
0,0
0,0
2,11.7357921013248
0,0
1,10.0556367177316
0,0
0,0
3,25.1069185967178
11,86.3524533937867
0,0
0,0
0,0
2,17.4546024601323
0,0
5,40.9241233818578
0,0
0,0
2,22.3708146811057
2,14.2528576255664
3,25.8442243296891
0,0
0,0
2,10.8565686779956
0,0
10,79.2700722493562
1,4.62606966309691
0,0
1,5.20378877772591
1,7.00463259710992
0,0
1,10.1815620944755
2,16.545882055682
1,4.07570660649158
3,26.2233398144641
0,0
0,0
1,13.8112475530121
0,0
0,0
1,7.47018498614462
1,4.92793476858232
0,0
0,0
3,26.7234687563136
0,0
1,5.60830896682684
1,5.69689465908418
0,0
0,0
0,0
2,17.2900779547608
0,0
5,44.2071546128062
2,12.7427835022078
0,0
17,158.405492514543
0,0
7,47.0065395646745
2,15.8370861932204
0,0
0,0
0,0
0,0
0,0
10,73.9997353871263
1,5.43573261219497
0,0
0,0
4,37.3283606248692
11,86.3832384516342
1,8.04984743858745
0,0
0,0
0,0
0,0
1,8.22967716403708
0,0
0,0
14,120.428998527809
2,20.0429914049213
0,0
3,24.5252656592111
1,11.1885490773101
3,24.368752544616
0,0
0,0
0,0
1,5.27927723910132
1,9.23533924439068
1,5.79329667760845
3,20.2072175692663
0,0
14,145.082610956501
2,18.8793058260506
2,15.9599891107468
1,12.2657757740256
0,0
1,5.34328297483489
5,41.8694097897298
0,0
1,8.21357993102299
0,0
0,0
2,16.4112110870492
0,0
1,5.12565235207729
0,0
2,15.2596527325157
0,0
4,31.6594851192344
1,13.3071164616682
0,0
0,0
0,0
1,4.76414281189806
0,0
0,0
0,0
0,0
0,0
0,0
0,0
3,26.5401873187919
1,6.66474035217084
6,50.7313312379944
1,5.35366123674247
7,56.1158108931198
2,9.86441348503107
2,16.3292334060796
11,76.9532589794706
3,30.5137110041845
5,38.6892453750684
0,0
14,145.057759474225
6,48.4933946148074
0,0
1,8.23134041962408
2,16.541856696114
0,0
0,0
3,17.297756790626
0,0
4,38.0660489790698
0,0
1,6.0805653236783
0,0
0,0
1,6.69796609245512
0,0
0,0
6,34.2068987550656
0,0
0,0
1,8.34763626356501
0,0
1,7.59388677519686
0,0
0,0
0,0
0,0
1,7.42633106350111
5,43.2488109557606
0,0
1,8.61843926310937
4,33.3027228966838
0,0
0,0
0,0
0,0
1,9.68829370307196
1,7.36079959562769
2,17.9694776983574
0,0
0,0
0,0
1,8.19776554943897
0,0
4,21.4330418586195
1,8.46342698748889
12,108.386575509884
0,0
0,0
1,7.40812779518073
0,0
3,34.5718097894582
1,7.96824938758391
12,134.960589705676
5,35.8666335109798
1,7.24547627741512
1,10.3566189977859
0,0
0,0
0,0
0,0
1,7.29306752614504
10,80.0615364046718
9,83.9960950716627
0,0
4,40.2504002737656
18,203.379519692895
0,0
6,42.500135626326
0,0
0,0
11,71.4228104716367
9,45.1476546047119
3,22.0583743637353
1,7.7173044886959
2,12.8783864418892
0,0
0,0
1,8.58173673820666
0,0
0,0
1,9.39459549013077
2,11.0442594029758
0,0
1,7.84959408698386
2,14.8440503124957
1,5.00864049121848
11,101.949884765939
5,29.2244644009305
1,7.87264351277391
0,0
0,0
4,31.9777715997498
5,32.6710245120529
2,11.9961643255503
0,0
1,7.45613271003631
2,13.8287210190736
0,0
12,141.102118926708
3,27.6516525275737
1,6.17918772694917
3,24.2498138447292
3,22.6315864970809
0,0
0,0
0,0
5,45.8184688698792
0,0
0,0
1,7.43806478384
0,0
19,237.112586835307
7,48.1417842388667
1,8.76738659985816
0,0
0,0
2,16.1596553743367
5,40.0510305322144
7,95.6664480266288
0,0
13,110.250504635886
2,9.65640297729316
2,21.9234972841971
0,0
2,14.4537417117343
17,150.614782338673
1,7.89965756663248
5,37.5712736390834
2,16.6829012121549
0,0
1,11.2508435986365
0,0
0,0
1,9.1776412140462
0,0
1,8.99568645164815
0,0
5,29.5209944332903
0,0
1,7.22202094847752
2,16.0383843672724
1,6.88744355028442
1,7.67333444461084
0,0
8,52.0754890962566
0,0
0,0
1,8.42208675460493
1,5.63523277114134
0,0
6,48.588870729363
0,0
0,0
3,22.733758136434
5,41.0501746929189
1,8.43110290632163
1,7.43740134940696
4,38.640374207483
1,7.39549437380274
1,9.70822464062131
4,30.5592704732414
0,0
11,104.990083913536
0,0
1,5.30112056498014
1,7.72588821236071
4,38.784579248045
2,19.2013624968591
1,8.27405962251131
1,6.61068072694729
0,0
0,0
0,0
7,72.3469146951915
1,7.51321625654887
1,7.39772342587531
1,6.82995703237361
0,0
8,41.8241532866386
12,127.217025240967
3,34.4022765629335
0,0
1,8.64158108728705
0,0
1,4.48024015989666
2,18.2178483576283
0,0
2,13.1417210670675
0,0
4,39.6276846819993
10,106.472382467759
13,110.837176238738
10,56.2365413393166
2,20.0422653076864
3,25.7853873158594
0,0
2,11.9586680290528
0,0
2,23.0526503689218
0,0
11,146.201181175704
1,8.07643336029034
0,0
1,7.08619280963872
0,0
5,31.3982790602766
4,23.5756069619059
1,8.53539036326098
0,0
0,0
6,51.6861259626776
16,148.341444044816
0,0
1,7.18517891230772
1,8.36814514228523
7,41.1726369714312
2,18.9296340070339
1,7.21043681501927
1,5.38504213248504
0,0
0,0
1,9.82280777092461
0,0
1,8.2067862382841
11,88.9050977181366
1,12.1283991388072
0,0
0,0
0,0
0,0
0,0
0,0
0,0
3,31.6706621441305
0,0
0,0
0,0
11,113.339189942557
0,0
0,0
6,52.1328995563728
0,0
0,0
0,0
0,0
3,19.2238074402011
0,0
1,8.37791342015284
1,8.10374250420889
1,11.9353768654899
2,26.1945488381551
0,0
0,0
2,14.5317798734255
0,0
0,0
2,14.4255868113031
0,0
1,5.29867058647521
0,0
0,0
0,0
0,0
1,5.81426142708414
1,5.79569316262407
1,7.14534735503739
0,0
0,0
3,20.194692326186
1,8.69449303011124
10,90.147104466018
0,0
11,62.9946659616656
0,0
1,7.62142556211384
6,37.8019588384971
2,16.0015798296053
3,22.0341363899178
0,0
1,8.10246133611185
0,0
3,27.5702527065745
0,0
0,0
0,0
16,176.671825458877
0,0
0,0
9,78.4747022341071
6,38.2558201450049
4,33.9608908414396
2,13.120228684627
0,0
2,20.6682384606488
20,203.718057274792
1,10.8900586482704
0,0
0,0
1,8.97077427331231
2,13.6215797545211
10,71.8429983824763
0,0
0,0
1,5.90159700728282
2,13.760229235641
0,0
1,7.37107617190002
0,0
0,0
4,31.5858340952883
0,0
3,40.0360246667009
0,0
0,0
3,21.9652906356604
0,0
1,7.44104164985939
6,30.4420087922753
0,0
0,0
4,36.6292568605686
2,15.8540018057238
2,15.6811161619453
0,0
0,0
3,20.029218560299
0,0
3,19.3073517798077
1,7.82399268279924
0,0
3,25.1611079722092
0,0
1,4.55567635221196
1,8.80506286377557
0,0
0,0
1,9.13100008487245
0,0
1,7.20485654763094
1,8.45268205257428
0,0
2,18.6537721155397
0,0
0,0
4,25.4487985844027
3,20.9816555550186
1,10.717825445446
0,0
0,0
0,0
1,4.12076128726432
6,60.1508199146538
1,7.31413464350478
0,0
10,82.8099975828468
0,0
1,6.03981632457173
0,0
1,6.47108851531789
0,0
0,0
1,8.25077127962153
1,9.0188940537781
1,8.84453697369552
0,0
0,0
0,0
1,4.95208376674377
1,6.81862325884601
3,24.0848189440953
2,21.1956214427406
8,61.4806382792176
3,25.0175160335307
0,0
12,68.8475295874424
0,0
1,5.10438729182104
0,0
0,0
1,6.14846307767399
0,0
0,0
0,0
4,20.813464744548
1,5.49678518598616
0,0
2,10.3734226333709
1,6.67931133516166
0,0
1,5.26457710166412
0,0
10,83.9078892165661
0,0
1,9.13986134791055
0,0
1,9.54713773429034
3,22.6401673697014
1,8.39368364264177
1,5.15146486662263
0,0
0,0
0,0
0,0
0,0
0,0
0,0
0,0
0,0
0,0
0,0
3,31.7915563270907
3,25.5342432486836
10,97.6566081147602
1,5.17122084727225
8,54.2942569008321
5,36.6829492354084
0,0
1,8.67469382345637
0,0
0,0
0,0
0,0
0,0
0,0
2,16.7758347903487
1,4.59081566223206
2,16.6718758821774
1,4.91672565053107
0,0
1,7.62655385657361
3,17.2085144233609
2,15.0274266223937
2,11.2191513972292
0,0
5,33.6427611373317
1,7.33675355703683
0,0
0,0
1,5.86850622394795
10,95.3508892541062
0,0
1,8.66902479613946
1,7.22000972374833
0,0
3,31.1875393460046
1,4.72076313215196
0,0
1,8.23168739062582
3,17.1758603618906
2,10.6536483187781
2,11.0190911169736
7,74.4558242542968
0,0
0,0
1,8.0918396538198
1,7.68083508263873
0,0
1,7.21430863866266
1,7.66073216464206
0,0
0,0
0,0
0,0
0,0
0,0
0,0
0,0
0,0
0,0
12,90.2933837391761
0,0
0,0
12,97.2150667330867
0,0
4,31.8053510434054
7,63.7771677872259
0,0
14,128.52063811408
0,0
1,13.7746663268988
0,0
2,12.7900742238953
0,0
7,76.6058836450086
0,0
0,0
1,5.41691289160395
9,48.4783262541177
9,93.8630870564433
0,0
2,18.6757640326967
2,10.5957406179351
0,0
2,13.3648528375454
1,7.81391116239197
0,0
2,17.9708050035765
4,27.7753104429545
1,4.97790704186827
0,0
1,6.18259987728616
0,0
8,72.8781031271755
3,28.6546586350732
1,8.88084111939368
3,22.1408039465663
6,38.9848891222522
0,0
0,0
2,18.9871221688138
1,7.62855965648044
2,14.7825592493856
4,44.2024973016976
1,7.40721664974336
2,10.0804171728486
1,5.3868155303541
0,0
0,0
0,0
0,0
1,9.48037697191019
1,4.42581105468966
5,33.6079586897638
2,15.5652529446761
2,16.4688688048478
11,65.6204513522554
0,0
1,3.81280415444299
4,32.5885945772635
2,16.0042572968441
8,45.8510816126084
0,0
1,7.25215991216983
0,0
1,5.14338269988536
5,29.2960772488912
4,41.1514608154007
0,0
1,7.69630358998836
1,9.06457604953533
1,7.00777227218029
1,11.8057067633356
0,0
2,18.304628293522
0,0
3,23.6533696404408
10,61.1158920669019
4,34.2168259574921
1,8.50796041377701
0,0
2,15.8091611233726
1,11.5752396507485
1,9.12042368071611
10,55.7133911297512
1,11.1585534052873
1,5.20788129366327
0,0
0,0
0,0
0,0
10,71.3260576978844
0,0
11,102.284964624279
1,9.32347586218071
9,102.855995368959
6,62.9521551857666
7,46.0703287794696
4,32.7355370289093
2,14.6162177089342
0,0
0,0
3,24.6085989923483
0,0
2,11.409050330588
2,14.3977323180145
0,0
0,0
1,4.31393482919988
1,5.60789897841295
1,9.34791781636459
1,9.6249946920336
1,7.89795015066209
1,7.97196664002979
0,0
0,0
1,7.90303257218761
0,0
1,7.49446557718927
0,0
0,0
1,7.18134649668605
0,0
0,0
1,4.24085653054653
0,0
2,20.8948059779898
0,0
0,0
0,0
0,0
0,0
0,0
0,0
0,0
8,53.6764862087172
11,88.6677966072464
0,0
0,0
1,6.38759872132943
1,7.38669748277952
0,0
0,0
0,0
0,0
3,16.480973961002
1,10.7879807474474
0,0
0,0
1,5.07930299139913
3,18.5412766587067
0,0
0,0
0,0
0,0
2,9.87283706782213
0,0
2,17.79790562798
1,11.1362355950582
6,47.0546057843
4,24.0592320337822
0,0
1,4.4240142087212
10,85.5431562603852
0,0
0,0
9,54.028669246399
0,0
1,10.1927082158455
1,7.47648351606777
12,89.4137412681269
1,6.01309056678701
0,0
6,33.6314868720972
1,9.09942017828859
0,0
5,38.992239734617
0,0
1,6.74726853235265
0,0
1,4.94551007853895
0,0
3,23.4745005290216
8,77.2059033187893
0,0
0,0
2,23.6203781400811
0,0
1,5.93199326598492
0,0
0,0
1,7.26365384056051
3,30.3120992346785
4,34.4877790565194
1,8.37336969525537
0,0
0,0
3,19.2464969458336
0,0
1,9.80809259177847
0,0
12,139.073423728171
2,12.1946202387961
0,0
3,24.7028390072164
5,45.7619412577123
0,0
0,0
0,0
5,41.1000757174259
1,7.61151064964724
1,7.16291369449562
1,5.1510669605058
1,8.39125290307381
1,8.33760036591984
11,89.224544667077
0,0
2,15.1809848587625
13,165.581686354759
1,8.75793972478046
10,64.0949169638478
1,4.31422377189796
0,0
11,117.943223991501
1,6.72982126344598
0,0
0,0
1,13.1459743266223
1,7.54150210713286
0,0
1,15.2330300271902
11,101.777729836183
0,0
1,9.69360852125815
0,0
0,0
1,15.3497591010787
0,0
0,0
0,0
9,63.0536285975217
0,0
1,6.2805948905482
4,24.883948200856
1,7.7987323525377
1,5.79331971417348
1,8.44588319009488
4,34.4705677678854
0,0
7,50.3831226175262
4,35.6564036275633
10,76.3643934872154
5,28.8360319167533
0,0
7,80.0196882039775
9,90.6218204589022
4,39.8153920992553
1,7.71873999563697
0,0
0,0
1,7.24115539505288
0,0
0,0
4,34.4225666468287
0,0
0,0
0,0
0,0
2,9.7968624779435
6,41.6287237557011
0,0
2,19.0371795017306
1,10.4723070983898
0,0
0,0
7,60.9077300506879
0,0
3,19.143467408778
1,4.51079625569786
1,8.62903338608523
3,46.2949943529653
2,15.8108916759959
1,3.99951123411105
4,32.4400338349739
4,29.9178201081287
0,0
12,86.4906555089084
0,0
0,0
1,7.41653437194904
0,0
1,7.21615719596571
3,21.8461865702285
0,0
0,0
3,19.2079666551122
0,0
11,100.978701254472
0,0
0,0
0,0
0,0
3,21.8228666645244
0,0
1,7.55351629907619
0,0
4,30.4600159335092
1,7.11266090789873
4,31.9274906499334
0,0
1,9.1325811382803
0,0
0,0
0,0
11,94.9982049673922
0,0
1,7.87620944726142
1,8.01740492534606
1,6.66682680728805
0,0
0,0
1,4.29277421195471
4,32.2067831508973
0,0
0,0
0,0
6,37.8071679315168
1,6.83902574349722
0,0
0,0
0,0
10,80.9685427772105
1,7.53135472066812
0,0
1,8.4905762041902
0,0
1,7.31447155536968
2,14.8993356804236
2,15.8825742080451
15,114.513098090329
1,13.4141718545667
0,0
0,0
0,0
1,7.42077284731983
2,19.1614480781166
2,10.8386630518261
0,0
1,5.206917878732
1,8.80575072508775
8,49.3119637312701
0,0
1,4.90838941920609
4,36.0102761595049
1,9.05804829667925
0,0
1,4.01367089697737
1,5.48898364089376
3,29.2477743537737
9,66.1201420524882
2,14.7085668372234
9,76.7341010972149
0,0
2,11.1265633328583
2,11.4470958029921
0,0
3,22.9461397419108
0,0
1,8.85655049091597
0,0
0,0
0,0
0,0
0,0
2,10.7125612264258
0,0
0,0
19,207.044093553895
0,0
0,0
2,20.6642817237818
3,18.8100667661258
0,0
3,23.2990010498187
0,0
11,98.1452349766269
1,8.19633980767981
0,0
7,58.4767659794757
4,17.3814028327757
1,15.5479337705855
0,0
0,0
7,39.5754913001785
4,34.0373766273442
0,0
0,0
0,0
1,8.43870455597774
8,71.0660857664354
1,4.04314389993305
0,0
0,0
0,0
0,0
0,0
2,17.5209986827945
0,0
3,21.8854072357031
0,0
0,0
0,0
11,125.088285576179
1,8.10375801074844
3,15.3550250306133
7,68.6453486860437
0,0
0,0
1,7.6110417478416
1,7.79577365482621
1,5.92830333386793
2,11.542700598184
0,0
0,0
0,0
0,0
0,0
1,7.99322027444986
1,4.3153208484801
1,6.58741754833192
1,6.42102539394463
0,0
1,7.50445451789309
2,12.6564668188518
0,0
4,33.415952673723
1,6.67953107633863
1,5.48195701763901
3,16.6678122920728
0,0
5,47.4709652998539
0,0
1,5.1562992134164
1,7.34543855597367
4,20.1531667869847
0,0
0,0
3,21.4446657920309
1,7.84018978573264
0,0
0,0
0,0
1,8.01100006410342
3,27.8105176055027
12,89.4760217872972
0,0
0,0
0,0
2,16.2545868046947
0,0
1,8.34822680536308
0,0
5,40.2839485395984
0,0
1,14.8704313616177
0,0
0,0
0,0
1,11.0282729021009
0,0
0,0
0,0
10,67.5760089362968
0,0
0,0
0,0
0,0
1,7.70172974307483
0,0
0,0
1,4.89459821226612
0,0
4,34.2220961030564
0,0
0,0
3,22.5668438511292
1,7.35334701434979
5,49.2856951579326
0,0
0,0
0,0
0,0
1,5.25677834703988
1,7.56771527128379
1,5.15213003831699
10,100.666478455062
0,0
0,0
1,6.7868634737559
1,4.09657001413617
1,9.22977200197132
22,245.516653035506
3,13.8782853517931
0,0
0,0
1,5.99329704561621
1,4.99487923643768
1,5.53913693739995
4,29.1663132854984
0,0
0,0
3,27.8488527782797
0,0
1,8.63322861336999
0,0
1,5.61819764053146
0,0
0,0
0,0
1,9.16279797230787
0,0
0,0
15,145.218249040032
3,22.0096659453108
11,88.4543711172395
0,0
1,11.7482600239533
0,0
5,41.6340703939034
1,8.09568705170508
3,28.0549379343148
0,0
1,7.37704233620381
1,7.86452590468594
1,9.24700750833256
0,0
0,0
4,24.3041080360579
10,63.3268198907429
1,7.87121917842755
0,0
0,0
12,127.708212696514
2,15.2864880663324
1,8.4118806297198
10,113.546413726801
0,0
0,0
2,9.49127197217162
0,0
0,0
0,0
0,0
1,4.77793138716373
0,0
1,8.40690820262001
1,4.97581859771052
0,0
6,30.8314702380239
1,5.2043395195895
1,5.95112439874885
1,7.53152265074264
2,14.9038932697639
14,142.239670804866
3,27.3295486075393
1,9.06612422705545
0,0
5,37.2302806751972
1,7.75833708551023
0,0
3,23.7887083048377
0,0
1,7.47965523593774
0,0
0,0
0,0
1,8.88856104898058
0,0
1,7.4772196477928
2,13.5734584309992
0,0
0,0
1,6.49314415171195
6,48.7439534737155
2,20.7664211388662
0,0
13,118.088671378333
0,0
1,10.511181358495
12,111.991481783329
0,0
1,10.2644701782048
0,0
0,0
1,4.6712192545999
0,0
0,0
1,9.52908756186363
1,7.54630117891285
0,0
0,0
0,0
6,57.9367756046983
0,0
0,0
2,11.317690693855
1,5.67964247410755
10,56.3195437559165
6,45.3831550188568
1,10.0980566716268
1,5.41398515375658
2,22.2491802642786
5,51.4794121453753
0,0
3,24.0088975700573
1,6.61160372367986
0,0
0,0
7,50.5972732716359
0,0
3,20.6005763411837
1,6.5167815784344
0,0
0,0
0,0
0,0
0,0
1,9.64801558813806
1,7.52466484826733
0,0
0,0
17,170.423356682393
0,0
14,123.274041141585
1,4.99592415070995
6,57.0541728192071
2,8.78192709491997
2,15.4150372051215
1,5.57094508333875
9,72.4421295001577
3,14.9045561607403
1,8.16068800348245
1,8.91342229097087
1,9.91887042959084
0,0
3,20.1366129433569
3,16.0557208407201
2,15.160227072694
1,8.11620799509103
0,0
3,26.9990291716324
2,15.7146979999145
1,7.644566847198
2,14.7608082055256
0,0
2,16.3324985144303
1,7.40148947498132
1,6.46174700126668
0,0
5,29.7310726511815
2,14.6959665452818
3,25.2863308909916
1,10.6860119800814
1,8.07842156360801
0,0
1,5.14900734541902
1,7.66792557075704
2,11.0327539662458
0,0
0,0
0,0
4,36.255207398724
3,22.5855428893427
1,10.3672779955848
1,7.82536092894076
8,67.1413263446187
7,39.946320465221
2,25.2723035964277
0,0
0,0
1,6.98827707992054
0,0
1,8.63911678118767
0,0
1,4.49898645109145
3,23.9531355375215
0,0
1,4.88356640744527
0,0
1,6.29047993315957
1,6.69121573212088
0,0
0,0
0,0
0,0
0,0
0,0
0,0
0,0
0,0
0,0
2,22.3555336266335
0,0
0,0
2,25.248415886284
2,8.68252860860505
2,15.6336228117286
5,59.0128597953335
0,0
0,0
0,0
0,0
0,0
2,11.8777560050227
2,12.1047294291604
0,0
6,60.6718686255879
0,0
1,5.07111915783999
0,0
6,29.8675635221757
0,0
1,4.53126030546058
0,0
0,0
14,142.12781341104
2,11.328702724688
0,0
1,7.49765093484946
0,0
0,0
1,7.27698594001994
0,0
2,17.9809956697754
0,0
3,22.8378858928816
0,0
0,0
0,0
6,39.3915511848269
0,0
7,40.6900063033281
0,0
5,34.6244156430209
0,0
0,0
0,0
10,97.1355211721498
0,0
4,31.1706376878701
13,103.544665829516
0,0
0,0
2,19.437996608526
1,6.6290771338757
1,6.39027120540836
1,12.5257519977674
3,25.7282377140812
0,0
0,0
1,5.57925511973509
3,25.1307512773658
2,9.42838264671373
2,15.6424020706836
1,7.48190101464308
2,20.8311995800138
0,0
9,72.1697992263895
1,7.32758000072492
1,8.69887731010797
1,4.46410620366003
12,124.211488332492
4,29.7529796113173
3,18.7388814421536
0,0
1,7.5935654710036
1,4.72820994295861
1,7.98390224565569
5,29.272584144116
1,5.04077846061053
0,0
0,0
0,0
0,0
0,0
13,105.154560910051
0,0
1,7.88372482771556
6,34.0082022762671
2,12.0193575280002
0,0
1,11.2981523142022
0,0
3,28.2247792975079
1,7.44224488060994
0,0
1,5.26380084649069
0,0
11,118.844867502968
0,0
1,10.7679707237377
0,0
0,0
1,4.67272710649243
1,12.362061334991
1,8.8866212923576
1,7.74415157350881
0,0
0,0
7,91.9323977534639
3,17.6103067795255
4,43.9872746155133
2,13.7357910404181
1,9.21357590700415
0,0
0,0
2,13.8992440686152
0,0
1,7.33895361288781
0,0
0,0
1,10.4510240103415
0,0
1,6.69673223660523
1,7.40945835162272
12,120.580073567664
0,0
3,20.579377489943
1,6.76788077579509
1,7.94546817255576
2,16.1619999512558
0,0
3,29.8534044631868
0,0
1,6.2552061263951
2,18.0478510251526
4,35.2674702985192
0,0
2,14.6003143452687
0,0
5,44.3533251965399
1,7.4322287617752
1,7.81168713197476
0,0
0,0
0,0
3,27.2165890812982
0,0
4,31.648256556922
26,192.352315111471
1,15.171032126282
0,0
0,0
1,7.48946262580261
0,0
3,22.856460723982
4,29.6185703531232
1,9.22128284454392
0,0
1,4.09489422814209
0,0
2,14.8480901211879
0,0
0,0
9,44.7361574882519
2,12.7000465011785
0,0
0,0
0,0
1,8.00073010573272
2,18.6405757979856
0,0
0,0
1,4.36221744029464
0,0
1,10.5003447759566
0,0
2,17.0407369952388
0,0
4,30.8369281595724
0,0
0,0
0,0
0,0
0,0
11,61.878946178521
1,5.76972038756334
8,73.9007081659809
0,0
0,0
0,0
0,0
0,0
2,17.9167332515155
0,0
0,0
3,27.2729352391858
0,0
11,142.451418979293
3,17.8924675502816
13,119.016656431562
0,0
0,0
1,9.80072604448508
1,5.76854141702499
1,5.52858521200739
0,0
0,0
3,15.7848299118322
1,5.65691763303837
1,4.97417316451904
0,0
3,24.4157674026273
3,17.302230902098
12,144.838633616366
1,9.18625836605946
1,5.03069499070186
1,8.01922236309266
6,37.9470294722814
10,96.6866641052996
0,0
1,8.19800969450033
0,0
2,20.1663301805317
0,0
0,0
0,0
0,0
1,5.213571729945
0,0
0,0
0,0
0,0
1,10.4729967720719
11,94.1826540487602
0,0
0,0
0,0
0,0
0,0
12,74.3265555329457
1,5.69201939691351
0,0
0,0
16,162.789458708376
1,7.73252540458402
5,38.8195331201237
0,0
6,39.6053572709192
0,0
1,5.61021265302763
0,0
1,5.58253600424814
0,0
0,0
2,22.6297533381164
0,0
1,5.93732741995451
1,6.08662428602594
0,0
16,127.922319461538
0,0
4,46.5559884187644
0,0
0,0
2,12.0731730166465
3,21.0992379800093
11,107.903980755514
0,0
0,0
15,127.395943560756
0,0
4,48.6095798935992
0,0
0,0
2,21.5354227467257
0,0
2,16.7013701767639
0,0
0,0
0,0
0,0
0,0
1,4.26762626841755
21,252.444195579129
0,0
1,5.41600800868483
9,55.3888357625302
2,13.2036008757973
0,0
1,8.00544597681546
0,0
1,6.20956801725609
20,211.144982403485
13,137.756782451185
0,0
0,0
2,12.1766349205721
0,0
0,0
1,5.90069467345791
2,15.1857837910292
1,7.42331392831194
0,0
1,5.56641416351815
1,7.92355539111404
2,19.2533366472595
4,30.5294950626635
0,0
1,7.37765881602961
0,0
0,0
1,5.73911723151969
0,0
0,0
1,8.25138680284308
0,0
0,0
3,23.1639473900381
1,10.6909897632939
0,0
0,0
12,116.424823329776
5,40.2828301236685
0,0
0,0
0,0
1,5.45707513347603
0,0
0,0
1,5.70768538402794
0,0
1,3.82760223809974
1,10.8226371170512
0,0
0,0
0,0
3,24.7340162957478
0,0
2,21.6640464947717
0,0
0,0
0,0
2,14.5330382258905
0,0
0,0
4,29.8823640854967
0,0
0,0
2,25.9092531527021
1,7.3578128958482
0,0
2,11.3359940295626
1,8.7808719103715
4,22.0000252354727
8,51.0884033017337
0,0
18,197.711207070043
4,33.929146993747
1,11.4116051529584
1,7.74089901692888
2,15.6806797100808
0,0
0,0
1,8.93036069553777
0,0
0,0
3,24.380874317277
0,0
3,23.7264147111554
0,0
6,50.8701566449821
1,5.36773335459334
0,0
0,0
0,0
11,80.4732032624542
2,14.3963918035406
1,8.66382621870872
14,96.5931864848902
8,63.1058433564195
2,8.08464206754966
1,7.28193534144384
0,0
8,84.485958630174
0,0
0,0
0,0
0,0
0,0
1,6.47053975206877
0,0
1,8.85344546112644
0,0
2,21.0761314891667
2,14.4380669403252
0,0
0,0
0,0
0,0
1,4.25580718513245
1,6.84258168067568
1,8.36427038076261
0,0
7,60.8204495169792
0,0
1,5.68687928070561
0,0
1,4.26678125805238
1,6.34373445094659
0,0
1,7.97002876562612
0,0
5,56.222574181177
0,0
7,57.7405208430428
1,6.01402490356028
2,10.3988064975906
1,4.05623038485862
0,0
0,0
0,0
2,20.0401265347909
0,0
0,0
0,0
3,30.8923868079682
0,0
2,11.6316947469988
1,6.841905675788
2,19.4060325353991
0,0
0,0
2,12.6079908474051
0,0
1,5.69163350062743
0,0
1,9.50030046846781
0,0
1,7.53485090643879
2,19.1220931257475
0,0
1,9.1564837209772
0,0
0,0
1,8.56059111488322
5,41.1497188501974
0,0
1,5.46017564425961
2,9.28787350031794
0,0
2,16.0715419005076
1,9.53571170963491
1,4.8161570171658
6,51.557089895207
0,0
1,9.18571626497471
0,0
1,7.21678732462476
0,0
1,8.72069648602309
2,10.8125673996171
2,13.2578357724722
7,45.5986742666856
0,0
0,0
4,31.1995208294978
4,31.3945138516958
4,32.465451291329
0,0
0,0
1,8.75579152029402
2,14.4729654368676
0,0
14,223.81582417062
11,161.611896662777
1,7.43184602227882
0,0
0,0
0,0
0,0
0,0
0,0
0,0
4,21.5441669793927
0,0
5,35.1913968270832
0,0
0,0
2,19.7213119337608
14,97.8637046784574
3,25.3625319360666
1,10.094641405754
0,0
0,0
1,7.76574726197036
1,9.28467169681883
1,8.46601536650894
0,0
2,13.0019486562752
0,0
4,35.7276925096899
1,4.39401087226617
2,15.5450172303693
0,0
2,10.1411467512916
1,10.8606167870499
0,0
7,51.7805645717235
0,0
1,9.51904063654515
1,8.01990433576997
1,7.47589120293165
0,0
1,8.69094639307523
7,41.394194252938
0,0
2,15.0798840128301
0,0
0,0
2,14.0613624054047
1,8.99153126169559
1,7.530022988398
0,0
0,0
0,0
0,0
0,0
3,23.5298453150564
0,0
0,0
16,123.596962611975
0,0
2,15.2361918923218
7,51.8637365689797
0,0
1,5.40707340791863
1,7.95418892510783
0,0
0,0
1,10.3996690746756
0,0
1,4.58516407660386
2,16.9071609577869
0,0
11,119.118272025394
0,0
0,0
1,5.8403343163732
0,0
13,124.141435496333
0,0
22,301.072876315478
0,0
0,0
0,0
1,8.52012078512985
2,12.0646742958857
1,8.93418922264978
2,10.1301914402889
1,7.61093059377469
2,8.04813757033382
0,0
0,0
1,9.18044445316513
0,0
2,12.3749949028304
0,0
0,0
0,0
3,17.1950187829353
11,124.917797720085
0,0
2,16.7629025825008
0,0
0,0
0,0
1,7.53265679923623
5,40.1524501700256
1,7.47262576821384
1,9.71133344350312
0,0
0,0
9,84.2813405855971
2,18.3513106509334
1,12.4758695572639
3,22.8302539398775
6,36.1811751412299
8,78.3294607509834
2,9.37325654016553
3,16.9850320895413
6,35.685113985618
2,10.9771182956762
2,8.90209337211902
4,34.3624326536037
1,4.90198795615572
12,121.223043969782
13,126.294444632529
0,0
20,311.523080682661
0,0
0,0
1,5.33211510725051
8,71.5475150740645
0,0
1,7.93965200418254
0,0
0,0
7,53.4403338983033
0,0
3,22.387430101241
2,16.4779118398135
1,5.99072358868919
11,79.7696868293238
0,0
0,0
9,64.1686263382182
0,0
0,0
0,0
1,5.82109264754425
0,0
0,0
6,50.5471049851689
2,16.85070184771
0,0
4,29.1049806594449
0,0
0,0
0,0
0,0
2,16.4074021092513
1,6.3134603086051
2,13.3083114492752
1,9.3612227511438
0,0
0,0
0,0
4,33.456323618296
0,0
0,0
2,13.1381737586393
0,0
1,5.19342177695452
0,0
0,0
0,0
4,23.0122198613112
0,0
0,0
0,0
11,136.392331438811
1,8.01062685129882
0,0
0,0
4,23.603587962278
1,9.58194540093902
0,0
1,10.9795040542707
0,0
2,10.804694880778
0,0
1,8.49592156546452
0,0
0,0
4,38.2065282794796
0,0
11,188.993953354028
1,9.95018473453745
0,0
1,7.82226250344503
7,59.2650877375738
3,31.010008213071
0,0
7,66.2814297437483
1,8.18609225434185
0,0
2,17.0119355385081
0,0
1,4.90226537431944
6,67.1911702399575
0,0
0,0
0,0
3,24.294168416322
10,66.20656046248
7,49.6299682989945
0,0
1,7.60221730763036
1,7.46620404703371
4,31.0737884828104
0,0
0,0
9,81.0820878667168
1,8.91624991552246
2,9.58129778491852
0,0
9,84.5223477972009
1,5.33748784345894
1,8.92276791819256
4,24.0628490590319
0,0
16,168.39807411742
1,9.78974072500483
0,0
1,4.83256285518994
0,0
0,0
2,9.41354555342798
1,5.16022969612586
0,0
5,31.5649738007531
1,7.78152222023141
1,7.68166669830251
1,8.20718652335158
0,0
0,0
3,33.5730872768271
0,0
0,0
0,0
0,0
1,11.9384875872918
0,0
0,0
0,0
0,0
1,8.09929296407429
0,0
3,15.8694370360832
0,0
0,0
0,0
3,26.777125096383
1,9.92748858308295
0,0
3,25.7413816682671
1,7.11295541874233
4,37.7119052199883
1,7.89171186407704
1,7.45749814652172
0,0
1,7.96781640278901
1,9.10925679251477
0,0
0,0
5,32.2325168499923
1,7.67019279568215
1,8.58737144441153
0,0
0,0
1,5.64327682954913
3,27.1904414710233
0,0
1,7.98508573143987
0,0
0,0
10,93.9884024794982
2,21.0504625423139
0,0
1,5.39377174757169
1,7.52694205645335
6,45.0452882819313
0,0
0,0
1,7.69351861512004
8,72.624907786541
1,4.57043848567818
0,0
1,6.1976754601465
0,0
0,0
12,188.105293482766
0,0
2,11.9686634158605
1,7.77103820916435
3,17.8653734633561
2,15.9550454770559
0,0
0,0
0,0
11,73.7794358909788
1,9.07184050155858
0,0
10,72.9550721119811
0,0
4,28.6646879253851
1,5.23404776030912
1,7.23197447873939
1,8.1983485500561
3,20.3992755641594
5,28.8342089424228
0,0
0,0
1,5.47937501793062
2,20.701144011526
0,0
0,0
1,7.15820104252172
2,14.4403393951226
5,41.9296839092972
1,7.4848441187795
0,0
0,0
0,0
1,7.30746337598313
1,10.5837418430085
2,14.5413127548259
0,0
6,42.2290842094271
2,24.7293008869527
1,8.73291710592056
1,8.28282251306233
2,12.2696423386572
6,60.5974767844204
0,0
0,0
4,29.3197355109616
1,5.88494005397671
7,64.1255965029438
1,8.13695806270135
2,15.0071200729633
11,68.0531486214904
0,0
0,0
1,8.13773673071613
0,0
0,0
1,4.6004545661268
4,25.5938471860186
1,7.71222564995582
3,25.2026801958082
0,0
0,0
0,0
1,8.69814340078516
1,5.39098206472623
0,0
3,24.1342571819122
8,71.8518090824335
1,7.13551041278444
0,0
0,0
1,4.91214216259946
1,7.58812755225821
1,9.95599214165363
18,159.302402114128
11,113.747103723121
0,0
0,0
0,0
0,0
1,8.25162874791948
0,0
3,30.4174665636666
0,0
0,0
1,8.31822258843066
1,7.58085247556401
0,0
2,17.2362727536682
0,0
0,0
1,5.20372985885175
1,4.53385356869109
2,15.614668937205
7,38.4791013045477
0,0
3,22.7469596759104
0,0
2,11.2757398172496
0,0
0,0
0,0
0,0
3,31.5373146774414
2,12.9776219431828
0,0
0,0
0,0
1,6.48640511353578
2,13.6937497313808
1,7.5823979968252
3,18.56789876227
1,4.48988618079874
0,0
0,0
2,14.346725054096
2,11.229341140673
13,95.420129015513
0,0
1,5.47485541961402
8,49.1768562189583
5,41.7127016186089
5,39.9386184145365
0,0
3,14.6168792657618
0,0
11,115.859807429475
1,9.16482152387201
1,7.18189412790337
0,0
0,0
0,0
0,0
6,35.4593936012231
1,7.46867253592692
1,9.54696854546478
1,4.4000274939215
5,29.6043442330478
1,7.55780904099663
5,34.2205595631558
12,104.766191528483
0,0
2,16.9488915461865
5,46.9246462422453
0,0
1,4.63195782078687
1,7.17297826781734
0,0
2,19.3499239414971
1,9.22026848635774
1,7.91776459896791
0,0
2,12.0965496496025
0,0
0,0
4,34.831698077618
0,0
0,0
4,22.1012787841014
1,14.6489769864041
1,6.4651636900212
1,6.12949280242233
9,102.483061684773
1,8.02792073596721
1,5.16465950789089
5,42.7158624264938
0,0
4,26.027980787519
0,0
0,0
3,19.6482088194129
1,4.38462859918762
6,64.6316966650139
6,53.0249479710825
0,0
2,14.5569354084443
0,0
4,21.6551825513666
0,0
3,15.0302697325716
0,0
0,0
3,25.8268162918653
0,0
7,63.4674336894377
0,0
14,155.224135551891
0,0
1,7.23476503664147
0,0
2,16.5624584556356
2,17.8406180624885
1,4.91566972022465
0,0
2,21.0100098972142
7,43.4373561547234
1,4.22612673713451
0,0
0,0
2,11.430180828559
5,42.9232421250712
7,55.7400360188251
1,8.16117635658914
0,0
1,7.28325892931039
1,9.67052943027964
0,0
1,7.68236598686355
4,25.2550508487189
2,12.6226544383656
0,0
0,0
1,4.89581715481159
1,5.171927505664
13,87.2561580734145
0,0
1,5.57269025234342
6,56.0260874982122
1,10.0530497323388
14,156.627990540797
0,0
0,0
1,9.49236397432604
1,5.57752821088336
1,7.29387681077203
3,19.9193194208259
1,7.31449608585653
2,13.2042557915884
0,0
0,0
9,50.6011316090687
2,21.7826536165918
10,74.7651046012006
2,9.40854615996008
0,0
0,0
4,24.0419343002688
3,26.1451212462306
0,0
0,0
2,10.0967930843178
4,27.5822719140095
0,0
10,74.3991555309051
0,0
0,0
0,0
1,7.79815648187352
0,0
1,4.03658291607015
0,0
1,7.68055107565688
0,0
4,39.6367744016264
6,46.6373798622977
0,0
0,0
0,0
2,18.6988362040977
0,0
0,0
1,5.96906655502481
0,0
1,6.08446101835816
1,8.94068074059315
0,0
0,0
0,0
1,7.49496940436148
4,36.7529919179144
1,5.45881832759496
0,0
0,0
1,6.06817132795848
0,0
1,8.24896625342401
13,189.114848926185
7,67.401250789947
1,6.76219842337516
1,6.24037367964889
3,31.7649939024943
1,8.9013619409154
6,44.0578372615264
0,0
11,78.3962266404281
6,57.9210360461049
0,0
0,0
0,0
12,98.7009260822683
0,0
3,22.6313220772469
2,11.7503130970147
6,32.1124203792236
1,7.66097601851907
0,0
10,97.4263877522509
1,7.78225392816739
0,0
0,0
2,10.6677652719138
0,0
3,17.8002502496193
0,0
1,7.19245459494206
1,7.74375044963806
0,0
0,0
0,0
4,31.6595164311263
2,13.3843565776497
0,0
1,5.31458902978043
4,40.992575849203
0,0
0,0
1,11.3443123156735
0,0
1,7.05915424274058
0,0
2,15.7521564510874
2,13.2057052967953
0,0
0,0
4,34.1778925827884
5,34.9624954550565
5,47.6824502849398
3,24.1953523153673
6,31.7468234525494
13,143.015137541649
11,80.6139530199833
1,7.91105438168163
9,56.2865659992394
0,0
0,0
0,0
10,74.444868635242
0,0
1,5.00201930508973
0,0
2,16.3731189272616
1,4.72608438105253
1,9.76191390487676
0,0
3,23.2359513564473
0,0
0,0
1,5.16253070276225
0,0
4,27.8679692019423
0,0
4,32.6430613605209
1,8.32265497700545
12,109.375044881073
0,0
3,14.9874065141361
0,0
7,62.3531513585428
2,9.59813760473507
0,0
0,0
4,40.209579165965
0,0
2,14.6842007101834
1,11.1913884819441
4,35.4462335885105
0,0
1,7.77129833949903
0,0
1,10.4592074015401
2,15.7946232800518
1,10.024072740835
0,0
6,34.9737010540075
0,0
0,0
0,0
0,0
1,6.86545544540305
1,7.28271579752975
0,0
10,89.999249933308
0,0
0,0
0,0
2,10.3171268767691
0,0
0,0
1,10.7562186426231
2,19.5671315054403
1,5.1807376966427
2,13.951654818958
0,0
1,8.56531483214258
0,0
3,29.4534442235165
0,0
3,22.0107719658906
0,0
14,127.727133894096
0,0
1,9.48744654781403
3,14.1186774951351
5,38.9302153218427
2,24.6268060471727
0,0
1,6.22413648858615
0,0
0,0
1,11.323520895355
6,37.3402718846019
0,0
3,28.7224749964083
0,0
1,4.43407177606139
1,18.1215125878057
20,207.564858130077
1,6.10154192145637
1,8.50991463534591
3,40.418223575045
0,0
0,0
2,10.5222600583624
1,5.12174076447598
0,0
0,0
0,0
0,0
0,0
0,0
0,0
14,94.9604817372652
0,0
0,0
2,17.3945637519092
1,4.10767600406348
1,5.42192138530322
6,53.7666754014941
1,9.58319568088705
2,11.3760696254587
8,76.9609223156594
0,0
0,0
1,8.85350681850158
0,0
1,8.43585729727853
4,39.2646386487607
0,0
0,0
0,0
1,7.84302737940218
0,0
0,0
0,0
1,7.73827956888278
0,0
1,5.63095703897109
1,8.15514689429321
0,0
8,56.8028906647094
0,0
0,0
1,8.02542595546382
2,15.1345573185251
10,78.4904903243959
1,5.22350072232091
2,10.9948254268706
1,7.30855556652261
0,0
0,0
2,18.6827710879489
0,0
0,0
0,0
1,8.21549199405772
1,6.29126349928186
0,0
0,0
0,0
0,0
0,0
4,34.2976049118621
1,10.4271373844098
0,0
2,20.8494803018006
0,0
0,0
0,0
1,9.92115136541674
0,0
1,8.83877799819298
1,7.24006200881267
0,0
0,0
3,28.3006885667572
2,10.6482368402596
0,0
0,0
2,13.7125199961008
0,0
2,14.9266873095885
0,0
2,19.4565986704677
0,0
0,0
3,27.5397458778894
0,0
1,7.49781391518057
1,7.12791224246609
0,0
11,110.176595730256
13,134.173854850343
1,5.48256849935829
1,6.539931362537
2,8.78957729930874
0,0
0,0
0,0
0,0
2,17.4923256709077
0,0
0,0
1,6.86034597018985
7,74.1577220231895
0,0
3,28.8074499013599
2,14.350505986484
0,0
0,0
1,4.41419845267832
1,5.04946038736689
0,0
12,93.3624884923945
2,16.6583305682206
0,0
2,15.6107537614759
2,13.1880050409689
4,33.0792050846558
1,5.83979418031668
8,59.7473255145788
2,15.6582667221422
7,63.7523793529243
2,13.0552454899969
0,0
1,5.77657700658609
10,71.4427466377602
1,6.72314437874143
5,41.9864626109923
0,0
9,94.4125606898402
0,0
11,73.6716805722302
0,0
11,74.8995724416707
0,0
0,0
9,82.5724309239988
8,56.029294504274
0,0
1,8.64967267663345
1,11.0345660918472
7,52.8660054973772
2,21.2298283796545
1,9.08715148609291
0,0
1,7.38509031757179
1,7.59703228640327
1,11.6729645265257
0,0
0,0
0,0
0,0
0,0
2,17.1025320101345
2,14.5015728634583
0,0
0,0
1,7.50718655047131
0,0
1,7.44733935017009
6,62.6262560273416
1,7.25421871726463
1,5.53902567192345
0,0
1,7.58540109507494
0,0
1,9.2185927371638
0,0
5,42.2956892546308
8,72.6386631013824
0,0
3,23.0294571298422
1,5.74509170619317
13,104.299364016616
1,5.17524349329462
0,0
3,30.4233759978741
1,7.16544797599373
0,0
5,37.7450064271617
6,75.6756046820427
1,10.3992406824025
1,9.13515555082138
1,6.20392584098179
1,10.2926019451231
1,5.8094203947344
2,16.2349611123985
0,0
3,31.3172008017553
0,0
0,0
9,52.7238220501265
0,0
1,7.46564196273351
0,0
9,57.7265097494885
0,0
0,0
1,9.25202554299827
2,15.5145575023568
7,66.9944248253038
4,26.0677727616133
0,0
0,0
13,98.0440188762394
0,0
0,0
2,15.9027733998891
0,0
0,0
2,22.2050902314773
0,0
14,130.275023252162
0,0
0,0
2,17.4235957034244
5,39.047911582111
2,12.4649152629687
8,59.5929961553476
0,0
0,0
11,78.3777134665278
2,17.4386164312946
0,0
2,11.5929209873122
4,37.3225716287847
10,92.5030184958133
1,7.42506474730037
0,0
15,132.746749968541
0,0
1,4.42426944769139
1,5.68908867749587
0,0
1,7.39398196754059
1,7.62275131217517
1,11.6192846585984
0,0
1,8.13418506691447
1,7.2172216320767
1,5.28825614414784
1,7.34291368713123
0,0
1,8.19315304142354
1,5.21257540921718
0,0
1,5.30625479280361
6,43.3105539771146
0,0
0,0
0,0
2,21.4538724251365
0,0
0,0
1,7.51878138334401
1,7.58212451600162
9,63.5296167369765
2,17.2607086780954
0,0
1,7.90658101241575
13,87.2540390231813
13,103.095663477853
0,0
0,0
1,11.5320813937788
0,0
9,49.3411025506803
1,5.88465828091203
0,0
1,10.07181800987
8,64.6333583389747
0,0
1,7.92536570461582
1,11.2803408578894
1,7.93494481116288
0,0
1,8.38810415347108
0,0
1,5.29045673993552
12,85.9520927456948
2,18.743922489605
0,0
1,6.16725080098877
0,0
1,5.57424859014579
3,24.7700308934113
2,16.0577589253033
0,0
2,18.7127088263039
2,16.1845517742775
1,8.04343253200726
0,0
0,0
0,0
1,11.7357447109304
3,23.3437675150329
1,8.19585160345924
0,0
2,15.7508388442975
0,0
0,0
0,0
0,0
10,69.9485777090523
10,82.467666706448
1,4.57312465520228
2,15.2176185566484
4,28.954975543151
0,0
0,0
1,8.49398559476763
11,114.699194096227
1,10.3899413875972
13,111.783963963415
0,0
1,8.53049456327585
10,80.4955321719141
0,0
7,61.4742936870999
1,9.43426562411
6,62.9541386033318
8,79.3870578314164
0,0
0,0
1,7.43210471277429
0,0
1,10.5827546778892
0,0
3,18.0663498479175
1,6.43067452066213
12,106.762460082642
1,6.86016402746387
0,0
2,14.9517137636113
0,0
0,0
1,4.62976542488079
0,0
0,0
0,0
0,0
1,5.34463082053092
1,7.55117380936237
2,14.3280000798093
12,101.883452286107
0,0
8,70.665870924891
0,0
0,0
7,58.5986111901813
4,48.8752427647105
1,8.38566615835924
1,10.4635158201021
3,26.5700383849761
0,0
0,0
1,7.93150251707668
1,6.48285963278928
1,8.88646103751715
0,0
0,0
1,12.911783118586
1,7.40686119380673
0,0
0,0
11,175.682226700849
0,0
0,0
1,3.81632517085813
0,0
0,0
0,0
14,162.047675104009
1,5.19917616953749
1,6.66161728577338
0,0
2,20.9185849786667
0,0
0,0
0,0
1,6.29584364623726
0,0
1,6.80179098819125
1,8.21277164813561
0,0
0,0
1,9.5224939630561
1,7.08882919755761
2,11.1105776349777
4,28.881106922595
0,0
10,75.1940965544862
0,0
0,0
1,7.67055467722543
0,0
0,0
0,0
1,4.66376314796642
0,0
0,0
6,41.6729315580626
4,38.8154859259859
0,0
0,0
0,0
1,8.66482583373597
0,0
2,13.0109310666385
0,0
9,90.4452364642842
0,0
0,0
2,18.1453075735017
0,0
1,7.96694488008899
1,7.77726020006439
0,0
2,24.3522532267546
0,0
12,87.1412084519494
0,0
0,0
0,0
0,0
2,13.3542317387244
0,0
10,79.7499420143349
1,4.95337479325244
12,125.108058467658
1,7.79102515030465
20,189.656283066357
0,0
7,57.3118944727119
0,0
0,0
1,5.08585014133295
1,9.98878142408282
0,0
0,0
1,6.59876496753512
12,97.601283611253
0,0
2,14.7675990462269
1,4.80559520987946
10,115.965092340236
0,0
0,0
9,55.6747203713615
1,3.90492066136077
0,0
2,10.7996865199161
1,6.62479671373011
1,4.77266891866186
2,32.8839295218902
1,11.4419645843277
1,4.40585143087555
3,25.4751079074749
0,0
0,0
6,55.695375230562
0,0
3,22.0969085152863
1,5.75598562233028
6,57.0571853659999
1,7.81249434852355
2,16.2028159886474
6,53.1431739762764
1,6.59887601458187
2,8.18734740976188
0,0
5,42.9907326827824
3,20.1870481253122
1,8.32956890306002
0,0
0,0
8,61.8886567432602
0,0
0,0
1,5.52046789727608
2,24.950092872463
0,0
0,0
3,26.8634745218187
0,0
1,12.0541180151932
9,62.4155812461288
0,0
0,0
0,0
2,17.5727818816368
1,7.41076616921691
6,58.2741330995361
1,7.72684082648978
0,0
1,9.11888133844708
2,12.6496798987139
0,0
1,7.50387613253975
0,0
12,112.548103837647
4,45.7513620993331
1,8.21275270425625
0,0
1,9.44448801108026
1,9.06852890994699
0,0
0,0
0,0
0,0
1,4.5754587933326
0,0
0,0
1,11.3038079018398
1,5.25144172379145
2,12.769266647242
0,0
2,13.240641815076
0,0
0,0
0,0
0,0
0,0
0,0
3,21.9075064343551
1,6.6254134941947
8,67.3127232314295
1,4.65622030707764
0,0
0,0
0,0
0,0
1,7.77513864128143
0,0
0,0
3,32.0004647195196
0,0
0,0
0,0
1,9.25950329349082
0,0
0,0
0,0
0,0
0,0
0,0
0,0
0,0
0,0
0,0
12,88.0086281032501
13,95.2541806986826
0,0
0,0
0,0
1,9.33121402030234
7,57.7953958021751
2,11.2313207330891
0,0
2,8.56780668608214
1,7.14248363839791
0,0
0,0
0,0
0,0
2,17.3845337443567
0,0
0,0
4,25.9713147248749
11,77.8933896686191
0,0
2,12.104722507
1,7.24266150982986
0,0
1,7.4164085285345
3,18.6385471774913
2,16.6340311449715
1,7.31145318105324
5,35.0178378824415
0,0
0,0
0,0
7,83.725093177043
1,7.67489203160445
1,5.98546512587609
0,0
2,14.7415252266736
0,0
11,84.651559364458
7,57.3783322647214
0,0
1,5.69494048031062
1,7.67683437999742
0,0
0,0
0,0
9,58.3778891518032
0,0
1,8.2511280605921
1,6.19878292166437
6,57.6316611583484
0,0
1,7.21694392660375
0,0
0,0
3,26.1048815139187
0,0
0,0
0,0
1,6.97202054352575
0,0
1,7.162284321049
0,0
0,0
0,0
1,5.62867884386132
0,0
0,0
0,0
0,0
1,8.83390696261632
6,47.6253806950738
9,79.9688132730522
0,0
2,17.7281474008136
3,24.4318178074424
4,29.05395671414
1,5.97041908331719
4,38.0403616160589
0,0
1,7.83708533450646
8,57.6786542026918
1,14.930698005477
6,55.704340162537
0,0
1,8.01531953986807
1,9.01903054304878
1,6.05039851150035
0,0
0,0
4,39.3206458732762
1,7.52389141960923
14,162.766304695669
0,0
0,0
1,6.0181100484871
0,0
1,7.20445171746998
0,0
2,11.4837031885199
2,14.5103293799355
2,12.429564771034
8,60.9476456232193
2,20.9997429325538
0,0
7,47.9235543077583
10,109.053427959217
3,20.0172990210697
0,0
0,0
9,76.8507490722836
1,6.67983590055276
9,72.7855607109304
1,6.53186666224771
0,0
5,42.9480463127749
1,7.43765653242662
2,13.3746260138755
0,0
1,7.23698795298473
1,4.16731193958393
0,0
2,15.2894396832978
1,6.72764052520307
0,0
0,0
2,10.6913039596844
2,19.8409881189428
3,16.3637518466046
0,0
4,38.921173171888
0,0
1,8.25681310295921
3,29.2662671231109
3,32.3129530354641
1,8.46876388202667
0,0
0,0
12,85.7889373124633
0,0
1,4.88742906859042
0,0
1,8.38630642350313
4,28.2755993415873
0,0
4,38.8883358798267
19,176.86865929225
0,0
1,7.60526518836125
1,8.52753454880574
0,0
5,42.7650187964535
0,0
1,12.6191162539701
13,95.9835691600206
0,0
3,21.6118436114592
1,7.58613615553523
1,7.89441938118669
2,19.4993000636057
0,0
0,0
1,7.44008996473995
0,0
2,16.0064820298385
1,5.94279161012964
0,0
1,8.02660325550826
1,7.17952285603986
0,0
1,5.34795463480579
1,7.39390899100992
1,4.9857977008413
12,76.6284999510155
1,6.99940941244112
2,9.57194384307803
2,13.1176524132311
1,6.68229272305994
1,8.18905776612912
1,11.2005013954049
0,0
2,11.7985116250038
1,8.69080540926224
3,32.6996802063993
16,148.599334888773
0,0
0,0
0,0
3,25.5823105691169
1,8.57304426012396
24,300.191855133426
2,17.4750756572793
0,0
0,0
0,0
0,0
0,0
1,8.65127274236394
2,14.6697225066875
11,123.002926762786
1,7.27939535085014
0,0
3,21.5022353700051
0,0
1,8.86204824230581
1,6.77499286595196
5,29.3904739839155
0,0
0,0
0,0
2,11.8602669890758
5,35.0521190143083
12,99.7077129074517
1,11.3176692956514
4,28.4920874463697
1,9.37172647090096
0,0
0,0
1,15.4523845384681
2,15.3975750640774
2,9.85966882888724
1,7.44001345674929
0,0
1,11.3320897020277
2,24.9004284678403
0,0
0,0
11,101.244706282597
1,9.11938911529775
0,0
4,35.4150013140714
4,20.2616160080002
4,40.2776188265159
0,0
0,0
0,0
0,0
0,0
0,0
1,10.042345704623
0,0
0,0
4,22.8214353387677
1,4.41746843201658
27,282.354213285327
1,7.52169681493005
0,0
1,5.52457524612846
0,0
0,0
6,45.6801106036058
2,10.7852281721851
4,26.2559461738489
0,0
0,0
3,22.3036676834599
1,5.39965934132217
1,11.289124742004
0,0
0,0
3,31.8049418878793
0,0
1,7.3773725730302
2,14.143550504995
0,0
8,65.2473717754433
0,0
0,0
8,44.0103850854137
4,35.6463148096752
0,0
0,0
0,0
0,0
2,12.0596629882882
0,0
0,0
0,0
0,0
3,33.4295484417814
0,0
1,6.03556115360999
1,5.01389844806204
0,0
0,0
3,21.3640724161919
1,7.26983643330959
1,5.3772655222188
1,8.95572887131319
0,0
0,0
11,143.152378851959
1,6.21456229777833
3,23.2856753714031
1,5.70248379541794
1,10.2685196582537
2,11.5910815873172
0,0
0,0
4,25.7578413793299
0,0
0,0
1,7.18473800698054
0,0
6,45.79712065463
0,0
7,53.8441515073385
0,0
0,0
2,13.6499097230496
2,12.1738443947444
0,0
0,0
0,0
0,0
4,38.2678371842229
0,0
4,36.0985595823861
4,31.3343047385663
0,0
0,0
0,0
1,8.62023289540133
1,8.17114275974997
