str_hm,deg_hm,clus_hm,eff_hm,path_hm,GSR
0.429858254759838,0.0471363582361543,0.702114113587655,1.24591683859536,-1.74875057757623,NO
-0.346144373780403,-0.277862029670671,-0.527224265806889,0.934898062211653,-1.38358465787523,NO
-0.254686657749031,0.0212369679663848,0.370552674849629,0.578499528190002,-0.556848233571405,NO
-0.616196675380271,0.186294025803078,0.516755713737053,0.555533875456371,-0.55367525838323,NO
1.01872890813223,0.568835998592745,0.410386503493391,1.30607823144767,-1.81153890782215,NO
-1.20086270953979,0.145672054845538,0.35127903328887,0.731997681844469,-0.362172948448823,NO
0.195150731425402,-0.140385929394802,-1.54311785555637,0.819596742392049,-1.13892851552232,NO
1.29503792226926,1.06969384600816,0.800532354768126,1.54324950899362,-1.66922406419081,NO
0.582562968499599,-0.334361822526324,-0.247318224498656,-0.0208097907707365,-0.0923033630155038,NO
0.367514493669704,0.884242541259336,1.28685513809933,1.73403503720465,-1.92733220142536,NO
1.08085617082886,-0.115130682040394,-0.266397564191246,0.876022601518066,-1.26312485118911,NO
0.281611463826643,-0.0440872797632238,-0.138059302452506,0.69988940918776,-1.15522260686019,NO
0.761026380722283,0.319762527379034,1.57056573098976,1.25031365844685,-1.4918951613732,NO
-0.72184877005101,-0.207773209946771,0.653193748970873,0.54641793159179,-1.00556112015959,NO
0.426352116956262,1.18593603030268,0.554287323252889,1.84883206074533,-2.52254169629679,NO
0.513891396948321,0.784376197050373,0.653106896019867,1.58376647203648,-1.62773220488199,NO
-0.0829740524729788,-0.472299402092433,-1.50459216929897,0.254535777617338,-0.955922749570174,NO
-0.0260268522936139,-0.494856986729893,-1.12289775336566,0.128939047886271,-0.755190367482306,NO
-0.0634016999955386,-0.517350019308252,-0.739296473252171,0.380552364202997,-0.878070615188188,NO
-2.43408442359953,-1.34357493140841,-0.117915712296522,-0.454747200384716,0.014528985945618,NO
-1.03922014678799,-1.45768691181833,-1.01155608334397,-0.35550049272411,0.192106482115665,NO
0.369523604299743,-0.35390568368404,0.0522374148906901,0.624860232767915,-1.07015385572045,NO
-0.959895831097453,-0.692481763000391,-0.682009372035223,-0.145814783100049,0.0406720826121791,NO
-2.80893041144042,-0.653256616516502,0.295028953139726,0.125617447935766,-0.325664910266665,NO
0.1594227725491,0.231302076412747,0.521586220107956,0.863200199493631,-1.26838477490983,NO
-1.59524728251756,-0.825572712596067,0.0435485744309242,0.15589029875274,-0.508688295152525,NO
-1.28423536136863,-0.74595205136408,-0.930346039970801,-1.01786994615765,0.850169236453297,NO
-0.668507685828277,-0.879380775585278,-0.462939058800392,0.0523667589641214,-0.56507004154691,NO
-0.42805838214064,0.563688512696135,1.12894300623259,1.37082310219211,-1.61830686470414,NO
0.619029468639792,0.506440996408922,-0.380049627025401,1.20090697242406,-1.73235811634679,NO
1.41819174555428,1.36399768430907,0.987619342557786,1.95847777379379,-2.08641852523142,NO
0.193823939322444,-1.20343034576,-1.11701218055309,-0.499069819003741,-0.143223235440235,NO
-1.09016327989623,-0.939767784940172,-1.61584533343306,-0.150423276974753,-0.253048536432602,NO
-0.713563684705874,-1.3790757393435,-1.15399714736111,-0.624691676512066,0.028615750454347,NO
-0.515290319532393,-0.676326347350546,0.15152820416372,-0.116260415315539,-0.0341509564990582,NO
-2.11174223955097,-0.936616396528558,-0.120869262661881,-0.0839297939944742,0.08824982907727,NO
-1.68931477865934,-1.39107584423757,-2.50754835619848,-0.816001203234901,0.519523154789647,NO
-0.046274914908125,-1.28766709158464,-1.45263967064392,-0.354327893337702,-0.444245340876257,NO
0.789599240595158,0.220023970556109,-0.872699598702767,0.960397491335498,-1.49858235296475,NO
0.646786652359382,0.511155788907381,-0.714678654086926,1.25440898130458,-2.07988047641384,NO
-2.87315188260059,-1.86063213090311,0.792177691026105,-0.59534867984065,0.555976722872337,NO
-1.33803345033612,-0.371114964481605,0.72719649758226,0.665711385443946,-0.955021890558505,NO
-1.18750390403488,0.409675389144245,1.17650403107115,1.38706866945857,-1.4095440301617,NO
-3.15007051855667,-1.88491426636022,0.575743669035218,-0.926344286184795,1.0293143078249,NO
-1.41059405643284,-0.252531033616253,0.937508152018009,0.825746907498449,-0.690097903845975,NO
-1.25267839363259,-0.363147813557822,0.497677818948823,0.643194128692416,-0.876463428201248,NO
-0.365059308681664,1.37836589269453,1.39898226506471,1.5928716635842,-1.55850459521002,NO
0.616606923474145,0.769815251311116,0.45230542374515,1.61910196236293,-2.10152465175495,NO
1.47870688982412,2.20614309562228,1.24749344859099,2.91149176761207,-3.06924623107006,NO
0.841487226136091,1.67257755860125,1.17461134986512,1.91225158895706,-1.80997099428466,NO
-0.00530821695370213,0.171191196234205,1.30393833751998,1.25322693042005,-1.70775962669734,NO
1.00441772653984,1.29009731869583,0.628045885160741,1.81198746836247,-1.92181516872672,NO
2.0001653765204,2.69122180586531,1.1618776718209,2.92940354457128,-3.07496349381265,NO
0.927649628206778,2.70806889149764,1.98862324636649,3.32461837268929,-3.32542292746241,NO
1.47232127328923,0.0842818047105379,0.135894608829648,0.743694687916526,-1.80360674821101,NO
2.30440535916709,2.18318025293772,0.0798261899529089,2.55081690193681,-2.78657657072903,NO
1.33130655220921,1.20309218062189,-0.11255066843018,1.50511192361052,-1.48638671469983,NO
1.73447096256412,0.986041223551469,0.688602134502117,1.96630926947423,-2.6009819832393,NO
0.285659291172053,2.49554342605824,2.21273317337511,3.1795775131982,-2.91019427969402,NO
2.08948810837863,1.30471658274564,0.617844865210838,1.85843084491327,-2.17397468942106,NO
0.340627766245766,0.0474221658834513,-0.630929556727901,1.04814545556237,-1.73527301919857,NO
1.38922032165942,0.635972980509677,0.416120230988415,0.971813397753841,-1.66800446188321,NO
0.401944100048347,0.267859304967237,-0.600228174261961,0.558444840012084,-1.10462943890226,NO
2.10556386569404,1.34861599317992,0.531614829816863,1.83857176838595,-2.35414217620417,NO
1.06166155410567,1.04395758837555,0.716724947775216,1.35595938220582,-1.79255476440707,NO
0.146212827228917,-0.244021761728047,-0.645271784507352,0.404034045179554,-0.851840161723407,NO
-0.287581607604676,0.21077853682903,-0.13624619048417,1.04413276823519,-1.35021312370196,NO
0.568910805912655,-0.345217288586636,2.01711248111477,0.568285604626991,-0.929170616341287,NO
-0.742854393611779,-0.351311242934999,-0.201632790935041,0.406073351312429,-0.999770958486497,NO
-1.06202927153005,-0.924140837255405,-0.141519141968991,0.41800089603684,-0.89631510406952,NO
-2.58989437873627,-0.667073475584162,1.60112100543938,0.277188631374602,-0.331259527217819,NO
-0.588557876003232,-0.800706013675186,-0.261242132318735,-0.11037603348695,-0.226129594110302,NO
1.21988190557427,0.429783214399652,-0.833765675099897,1.08251693121715,-2.08844000600312,NO
-0.163325420422565,0.583683704828106,0.837671150327302,1.03881738658222,-1.27971027107155,NO
1.903649773504,1.38366282607342,-0.422778938728844,2.05258449049977,-2.59414711672485,NO
-0.780062169815284,0.327460376430908,0.129828141173366,0.886504909034566,-1.40512768770761,NO
1.73198632536015,1.48992229288533,-0.554087888812614,2.24438013943487,-2.59956387887591,NO
-1.13861925868026,-0.335633736205156,-0.969165855185245,0.00486234517069739,0.0902948133692443,NO
-0.0423200017056886,0.955615549117556,2.03938872420066,1.68292145554309,-1.58102020949706,NO
1.15416126950584,1.0556690485563,0.50281810055029,1.76980166341109,-2.04694880239406,NO
0.961742805173075,2.34210469547133,1.4916636361277,2.64889599962986,-2.55228478492201,NO
0.445366377258402,1.87675540244217,1.74820977873616,2.56745741083163,-2.44715233446332,NO
0.842059656337767,1.08257848950016,0.768392186728176,1.95279184756615,-2.20077133381752,NO
1.23263983227336,1.52491794065375,-0.0600265860440717,1.86851746743276,-2.152584710626,NO
1.2631364045427,0.757402862066332,-0.086630520512003,1.42981594229231,-1.71899296358693,NO
-1.03951049097499,-0.00668681051398775,1.48719637024341,0.642248818113066,-0.328680708599077,NO
-1.75055854483085,-1.14479848349323,-0.144961357207185,-0.729672525575923,0.934304075449685,NO
0.265353685149126,0.689903172377984,1.92235725772596,1.27142023639586,-1.2502921778362,NO
0.708721331491362,2.46916690571267,1.57828854233261,2.88184056777634,-2.7779476639628,NO
-0.555485087576117,0.203108932470967,1.23162820984152,0.974294703296964,-1.22942016566598,NO
-1.36789367933022,0.135671279158484,0.832549369498,0.348091318778323,-0.0246623492047199,NO
1.86380744104144,1.23456807066325,1.12214831748637,2.04448298575536,-2.34485522156062,NO
0.700035565490822,1.36917647977051,0.800963025608127,2.19404067320799,-2.28168937028723,NO
1.19161867668038,-0.228491801936265,-1.16219032559895,0.64828194457794,-0.979515768738494,NO
-0.06553625568686,0.613658752091275,0.733802283707711,1.41874379011636,-1.78647855348865,NO
1.33501475418444,1.91677735769127,1.53092118237188,2.35372029086723,-2.44856511571706,NO
-0.452528514131998,0.313024561946632,0.113291484200247,0.473295067879632,-0.916767883423911,NO
1.12819053694064,1.02973207997371,1.09193828263052,1.55023732673988,-1.640121166514,NO
-0.319137442985598,0.0281549337887015,0.706988048162896,0.638975852600474,-0.648540941908019,NO
0.779878625847366,1.69510939773952,1.21237792166804,2.07976420390993,-1.83081376024295,NO
0.253880717185104,-0.343559260788098,1.02511748502016,0.627412698060995,-1.05513469812736,NO
0.767460177829294,0.937241905359756,0.369886779781556,1.70862026848522,-2.31139168366857,NO
1.01425953446976,1.4478113816159,1.44362297188173,1.95056980348386,-1.96878621890586,NO
-2.95859317112135,-0.55367795971557,2.12032544103924,-0.245365037247762,0.738786204735253,NO
1.44193725036848,1.03753686286672,0.418102759785767,1.81053270245574,-2.10105749629537,NO
0.557962443937311,-0.224291676308017,0.271443372002959,0.483062393804618,-0.628861700144037,NO
2.53409084367493,2.71366649068265,1.34999850006513,3.03850493250142,-3.29656931688968,NO
2.05525805300746,2.05803810875203,0.929584465264933,2.36373485685984,-2.35175492802809,NO
1.21305828463269,1.21491060935482,0.725751073423112,1.39808791980345,-1.66471244954374,NO
1.43799942319252,0.490960323237204,-0.204926549124957,1.09571670401837,-1.52641840164588,NO
0.99473597671212,1.20676984612593,0.22386270630438,2.15673971735758,-2.57094081441775,NO
-0.560421156297567,0.228827568053576,1.76705617435528,0.981778576508755,-0.773763900973439,NO
0.8589506901498,0.358038303618627,0.116402733109726,1.6223917368379,-2.14256721564841,NO
0.397980928551982,-0.715710826566169,-0.161390840873001,0.0610728642534607,-0.68803100187617,NO
0.692290060801514,0.557858828753712,1.09951471461958,1.53827719171383,-1.9796760939763,NO
0.890060361666162,1.01341594789917,0.31040791735723,1.46940450170618,-1.89146046679364,NO
-0.376420178495641,0.43398191875323,0.956689974887781,0.795589697070038,-0.161296464849757,NO
-2.8305482504628,-1.6778827035456,-0.981743945387906,-0.655556263028975,0.862421893784122,NO
-0.597841656029763,0.883872005814892,1.8525669469343,1.7898968721201,-1.41516826782241,NO
-0.150045176470944,-0.310937547580896,-0.364053324521159,0.36318872872991,-0.90364127904874,NO
2.59428441981981,2.6929082313,0.390385181490483,3.09275431590936,-3.33988684120325,NO
0.961217071434843,0.635340798326646,1.37075503554505,0.919047910149801,-0.989147711508073,NO
-0.0670704761983504,0.553195344146377,0.264063155239969,1.50379091042858,-1.43308494106304,NO
-1.16176343972688,1.25271938455705,2.43513917968315,1.85354248698014,-1.32915665954518,NO
-0.773906762752332,0.721767570306989,2.35644973962573,2.1790199529919,-2.22347279645108,NO
0.151593146888357,0.902037784657509,2.17845561945762,1.83324250271283,-2.01597569294742,NO
-0.516212742676043,-0.55938026311904,0.360460581049528,0.38827340836364,-1.06920693400793,NO
0.412572593279807,1.86353786062581,0.905602083875552,2.55178429432604,-1.9027530245145,NO
0.815184041595306,1.4664356766394,1.43382005621,2.4914453970737,-2.51895973491128,NO
0.40829742379609,1.00577076798849,1.97734148309977,1.44733115013762,-1.33898006392024,NO
-0.877465799483981,0.0678883500043165,0.014930700223125,0.472000846065095,-0.373220482536424,NO
1.87978453492517,0.852689701627618,1.12608557913313,1.29501076029079,-1.41637997449573,NO
-1.21342893568181,0.365811290366139,1.26564409385257,1.14457170718293,-0.425433572807628,NO
-0.744164734060784,0.305621273756856,1.01723837956858,1.60391284386514,-1.46040033074767,NO
0.719284851539749,2.15489406644316,2.43539597686443,3.1897698929795,-2.78905405088234,NO
0.853682835911021,-0.0739408519269549,-0.660058720066025,0.816257996315067,-1.30056155476209,NO
0.163879001566847,0.105339924401697,0.573311977846449,1.18265105391261,-1.61554076831519,NO
1.68183256194265,1.18545785873508,0.937113019091435,1.27856210763474,-0.988913907147058,NO
2.07439258757006,2.19926124830539,1.18576204254094,2.31863417144655,-2.49786029531582,NO
-0.859371514449589,0.169805072410061,0.115181906062628,0.743828257557186,-0.57653383311778,NO
-0.0211522146637184,-0.0326815509585305,-0.233123251960129,0.592672073365251,-0.656728022760149,NO
1.54862562099542,0.778716979265216,-0.464386642494264,1.53989615743714,-1.85515847248851,NO
0.140541661405517,0.771259706462039,-0.323957125303694,2.04322809254643,-2.56943615389507,NO
1.80118435747866,1.69437442257649,0.308996428547852,2.69942877163573,-2.73570919279388,NO
-0.102910032855613,-0.228093235976928,0.979121173713289,1.11484203056792,-1.43261910226799,NO
1.26164136015652,0.763299791944592,1.2169087121821,1.78365088882822,-1.97507513521367,NO
1.18683293083479,0.913819813254804,-0.314684612964146,1.7370352531792,-2.32394443542413,NO
0.246021551410627,-0.216123982746707,-0.0943580113643128,0.667103212705211,-1.30620535889953,NO
-0.545406003741285,-0.000767861928561309,-0.588543974646513,0.714099396179503,-1.0361902164736,NO
0.334702624828466,0.352094650119611,0.307339269676502,1.56355905437206,-1.87174576137632,NO
0.74870757791525,1.22344796771301,1.05349533967071,2.21187640130955,-2.28726189114597,NO
0.678687409939593,-0.0689386022787801,-0.0847712934456754,0.914727479137353,-1.3961336150058,NO
0.951942368039485,1.44616789033445,1.36701252361428,2.28237520562374,-2.69490114855729,NO
1.29839227993869,0.775300603494917,1.1141138611507,1.66859504637093,-2.19356409421978,NO
0.00934261882330295,-0.37113142876236,-1.31822741736041,-0.607603911682896,0.249739039183343,NO
-0.336503625806143,0.19434826781229,0.890269170283757,1.31127668927005,-1.40025367154345,NO
0.433177504408316,0.589214098676383,0.00656162245685031,1.38522297740277,-2.04515426717553,NO
0.646260610000724,0.95998046619853,0.955175933573995,2.05194228732838,-2.44031422832163,NO
-1.06862890296945,-1.83861988440572,-1.05664286838296,-0.396724306166616,-0.162543879523342,NO
0.285019310762642,0.703712379442035,0.13962116004502,1.51277847695917,-2.13379169695314,NO
1.44019652995428,2.22850157627515,0.703633960757339,2.71220898830761,-3.15488210887077,NO
-0.472849314593352,-0.616639947958422,-0.54566597284272,0.322557833514456,-0.919841321398075,NO
0.52827744535589,0.73018587624286,0.536449400846489,1.26874152427055,-1.45455373323676,NO
1.30477162634134,1.3683608785818,0.494903481855788,1.91987847132267,-2.52006986460725,NO
0.322820979607592,0.715984287547379,0.640964066987899,1.28509163792631,-1.45108706472855,NO
0.165731519776652,1.07608933180157,1.62876527202543,1.79329267500863,-1.94403267454362,NO
-0.1808515663702,-0.149609406930018,-0.467831630055541,0.827402088395687,-1.23186768291421,NO
-1.72460966770062,-0.461162591175021,-0.384869365627176,0.448823351511828,-0.238579467043219,NO
1.20302857774226,0.939966866059988,1.12661070613809,1.61197272906272,-1.91949771575869,NO
0.96599259397839,1.34804977935632,0.320312168302508,2.22168483203642,-2.55099370601368,NO
0.24217511905841,0.899418464635335,0.609523322963502,1.57637316279644,-1.41320849431762,NO
1.34475489924836,1.56218457612333,0.00744417056423159,2.22390456797589,-2.37511500356049,NO
1.04064488158542,1.00315235020604,0.91797944577524,1.78241425218359,-2.01388462366156,NO
0.0246701337785994,0.694902033619751,-0.338320404112985,1.05254059464126,-1.29029399771683,NO
-1.32864970204891,-1.1604610949027,-1.51620131452785,-0.478447140051406,0.370930716512827,NO
-0.142889605384096,0.213938166491604,-0.571073458458325,0.725019186419235,-0.547921992486115,NO
1.64146643686609,1.33380945384072,1.11035067142932,2.04281087589696,-2.24347039871583,NO
1.35794662471306,0.0937622510148166,-1.19268261316622,0.943438618158949,-1.7200241633274,NO
0.850648699104466,0.205751025396589,0.778727239744877,0.640937545818514,-0.861057269755006,NO
1.10463097181686,1.00879341694808,0.803001216413339,1.56003876034926,-1.77019375986525,NO
1.53064599082037,1.63556092643492,0.221286169884935,2.04842214447871,-1.74947144008674,NO
-0.235706313413434,-0.0620827050969,0.845798763823422,0.64468977568591,-0.939861498643669,NO
0.371959462748493,1.24388303017213,0.325209304647428,2.02537808232243,-1.89152926458696,NO
-1.34670962114534,-0.296667513805495,0.218020172322555,0.30091236218767,-0.744561204313938,NO
-0.00323355904615741,0.366165245682652,0.138476742131136,1.44533829880608,-1.91394378705615,NO
1.58316224986897,1.92245969863155,0.0853857491671886,2.16958381964428,-2.28457346142915,NO
-0.400215656894564,-0.332639518711077,-0.0633205798986268,0.358581642363962,-0.433648934393377,NO
2.09979865479322,1.19915086197148,-0.178966997906813,1.66910608301801,-2.68159588640733,NO
0.3824959371032,0.408529621585091,0.676988509637268,1.16685207336351,-1.57856901723438,NO
1.46727458808422,1.11221647969109,0.198168161700287,1.81920241242091,-2.49566626545589,NO
0.34136658487307,0.172755757070471,1.18344539274047,1.03136986366809,-1.51775158364775,NO
0.322001151609443,-0.885821399835989,-0.588621136255714,-0.119277347435371,-0.0102773800847336,NO
-0.512663765974304,0.958532983839091,1.98479761564977,1.3627570551267,-1.09760606548532,NO
-1.40048864218084,-1.17156291139652,0.75283964560293,-0.29990035806705,0.546952608067441,NO
-0.0696689571350072,-0.963077157400718,-0.317260164175363,-0.18202103325581,-0.243735803578463,NO
0.444293878054556,0.279736196790273,1.33892133430537,1.09166294565895,-1.62073439065055,NO
1.66916258927334,1.95622437628655,0.521998421405131,1.94069904792269,-1.82748538109845,NO
-0.408200852883163,-0.874223506598513,0.720942437715857,-0.327244608872204,0.0774075001012941,NO
1.29343585556918,1.45155900802065,0.262811185150599,2.2783827850823,-2.54294565109982,NO
1.27064280164867,-0.033892763189483,-1.03605133267393,0.296617451109454,-1.19562317371862,NO
0.884972594387694,0.565887473573416,0.627528539527166,1.14401071831013,-1.37843669563317,NO
0.386008178152318,0.754403529619913,0.448254662714526,1.39541582024883,-1.37173640752377,NO
0.841106468900358,1.85100334372256,0.695690357287756,2.48675577986042,-2.9044376503278,NO
1.58575359883079,1.44237166222376,1.49586239239323,2.31945265060757,-2.73901260309361,NO
-0.465104261529341,0.364177998451317,1.11457412264286,0.74069938338565,-1.03894182433724,NO
0.791087245164142,0.379342711968164,-0.144875929400507,0.928427592681502,-1.02470432099068,NO
1.98189743558984,1.64304662842857,0.788469382331964,2.23925239288561,-2.43907182729129,NO
1.50181390159786,2.29251701421231,1.16101826959791,2.40304327843357,-2.45011462287255,NO
2.17453196175041,2.24192896570844,0.55166052697593,2.74998108210757,-2.91234813889018,NO
1.1456482381909,1.07079156551206,-0.48972137626672,1.75218285282134,-2.0392676254307,NO
1.29515917484243,0.773138924534428,0.350290787829411,1.23332209186165,-1.38074583408076,NO
0.641718914937443,2.53874427529809,2.32038231065754,3.3108383321461,-3.18894849739839,NO
0.269704627651339,0.942598972591304,1.10943067607229,1.97303301393867,-1.90597328424858,NO
1.72435396453165,1.56611139010574,1.66691606800873,2.44386996018992,-2.68455014170925,NO
0.952538100220249,0.827933553463889,0.528332624166928,2.0651283053029,-2.76972607488001,NO
1.37859819432209,2.22170059195156,1.03072740340799,2.57122455581479,-2.44980092973097,NO
1.9421668990845,3.27079640805673,2.11606244815391,3.38481708336946,-3.23508413758564,NO
2.61018801786091,3.06498887885814,1.59101399876195,3.37254984996337,-3.42784716027624,NO
1.68381253044884,1.60282477755074,0.309514658485693,2.27624405764983,-2.43360907242223,NO
0.240674563659645,-0.1407948102946,1.88339399789062,0.771113948941712,-1.02657644648755,NO
1.22827076661735,2.42374862494405,0.941596779067645,3.1101714718974,-2.95871933636916,NO
3.41503711186077,3.11772023715618,3.56250360841661,3.77673942619907,-3.80664952762957,NO
0.415053084056387,-0.135515565091878,-0.0815648380369296,0.74368001477538,-0.924444651296845,NO
1.07613524997482,0.767575675897673,0.00410297024004318,1.54871863249954,-1.97765364291325,NO
1.06249352883017,0.422505166434457,0.132192295680071,1.71924632472141,-2.33691199876514,NO
2.1182439219441,2.23247916631108,2.23942739684595,3.2263708026075,-3.60651508197257,NO
1.23103051622634,0.0135828675266443,0.132945318287495,0.514278009199754,-0.872806635855365,NO
1.15018029813983,1.16843145343388,-0.773592730315687,1.9051669602945,-2.21937960909241,NO
1.30062699553289,1.22128045304253,0.496159351756002,1.99708317125641,-1.96493608720446,NO
1.27266648474429,3.05862826031436,0.93242335293384,3.37175074836994,-3.37479219257228,NO
0.943625221028305,2.15670751771751,1.25874717892185,3.14605965077464,-2.99339442445389,NO
0.0352733939835835,-0.621151019905448,-0.549733655752403,0.466306083775462,-0.966613559312367,NO
1.59341806082628,2.7760978632943,1.6325540811203,3.37167353726538,-2.89734438647096,NO
2.47154037200961,2.37855133817992,1.76983453043546,3.06657187076993,-2.88328532807766,NO
1.62359870918469,0.38296123845374,-0.0710182607693354,0.848967815722313,-1.02608094500572,NO
0.462841752709652,1.08439853853506,1.69454750302128,1.6933801756618,-1.76971062645798,NO
0.846127953222537,1.63843189850986,1.05551197546108,1.62665294770797,-1.71486453261175,NO
-0.665328171084243,-0.88197618440111,-0.416895316309124,0.0222765215075253,-0.583194644960835,NO
1.18806570345884,0.341564062090844,2.20071975950939,1.37600010503746,-1.48254766296868,NO
1.77710105666124,0.860513460202354,2.03096254127662,1.27767271325639,-1.30320523553697,NO
-0.582320375973815,0.224445019099416,0.621814789670746,0.556893020468334,-0.206351766043573,NO
-0.898976275073,-0.446565237003852,-0.780589783203977,0.353516759068187,-0.893950682728197,NO
0.261874911719081,-0.0434507867921605,-0.206577745272619,1.3503439462348,-1.73812391186795,NO
-0.305226386696959,0.24327543420219,-0.605375581661239,1.08337652573663,-1.72715876723726,NO
0.185122275206994,0.694431373039449,-0.242685272840229,1.68799016064654,-1.94033611905419,NO
-0.409336486176679,-0.0878451489412325,0.772491488675527,0.742881379240466,-0.70566606632185,NO
-2.28695330202487,-0.448067900634065,-1.26931015769151,0.76350222155054,-1.17734481591528,NO
0.0794322471581214,0.406715001312899,0.0939548122468056,1.30314754098478,-1.37969579090421,NO
1.62692973123319,1.66166855832273,0.935688982047361,2.40819706485504,-2.3146775721519,NO
0.367372995694577,0.894100702891249,1.38162216744596,2.14813381340135,-2.1983425040996,NO
1.17263423649918,0.703467330693332,0.0265806406110458,2.04690249719829,-2.78286864303941,NO
1.8142659897117,3.63636092114322,2.63384016220796,4.07436379116454,-3.69945270571641,NO
1.51988869879232,1.31579349639343,2.2167613596237,1.94728844335014,-1.68552242059268,NO
1.38459361557835,0.870620633173906,0.30440692871372,1.78895423954802,-2.11928952321448,NO
-0.621577364479001,-1.19818143261163,-0.937636584608239,-0.591651217523244,-0.00140252460829426,NO
1.27508334378971,1.93282853406579,1.6131251067131,2.77712783920379,-2.79775044531662,NO
1.12377582594,1.18184276468358,0.660058574991732,1.79196388433008,-2.07093891909759,NO
1.1444870471265,0.436324047937987,0.0743257863624713,1.26068876530557,-1.92092529248508,NO
-0.0555949806894154,-0.203563127873632,0.223710724819487,0.861134682367629,-1.47791248180451,NO
-0.327571331925102,1.28940298783512,0.561883634856349,1.52384990198594,-1.24677856774132,NO
-0.715464681734028,0.77326170113561,1.82227711608396,1.77353568085777,-1.74082845496009,NO
1.34729846142458,1.06238903467859,1.60879667635662,2.08305609413305,-2.69519980701876,NO
1.44484964284093,1.07332061060895,0.127458289824968,1.60899362402062,-2.03360222743251,NO
2.23742017380438,1.48272058512957,1.12438717721832,2.34512747454837,-3.06094167354537,NO
-0.483392138059226,-0.3211914113476,-1.99905329840326,0.288679627567871,-1.60294991388293,YES
-0.189062926000833,-0.0988943517432606,-0.971492303740201,0.480598874269594,-0.631276953002473,YES
0.45659030537996,1.21426014290716,0.3287191658341,0.878243037991286,-0.649997572596334,YES
-0.270326769123741,-0.110057106732516,-1.06993036148951,0.117461560554124,-0.62057877927585,YES
1.15465620573824,1.74403062086257,0.142334892857765,1.72506101453869,-1.98620817616442,YES
-1.22422835409391,1.46327796693738,0.733514184913211,1.45540864850186,-1.62343512634327,YES
-0.119217421642678,0.371655630298936,0.184485170286809,0.289879951685953,-0.130926243715479,YES
1.80092195373478,0.735910705437923,0.709629405597875,1.50458260108315,-2.02570680076942,YES
1.12054317991479,0.413179302904488,-1.76877331234858,0.5337201349078,-1.33853947877446,YES
1.04979609104617,2.77660549690169,0.987484051479459,2.96115784441723,-3.07372678706563,YES
1.48168526014859,0.845465862599781,0.260706150070616,0.914446615719723,-1.15655792532871,YES
0.823287932554029,0.807019274885919,-0.89680317968416,1.3821531784483,-1.92933410462838,YES
-0.672217516168691,-1.21064701225839,0.675259764312781,-0.991829371137175,1.01956542824328,YES
-0.796212722486889,-0.104559535277904,-0.434432277044716,0.127708106129144,-0.645623213983989,YES
-0.896114399665013,-0.000440963319454686,-0.84667925220692,0.407744471643552,-1.40384746311089,YES
0.21092808299023,-0.419553623238472,-0.867836727133943,0.0553379554002449,-0.570489244847128,YES
-2.13691632156251,-0.977335174658455,-1.22153156620536,-0.480839885076486,-0.354770357751647,YES
-0.334141907301862,-0.388253424013043,0.337635594753684,0.130683521311576,-0.71668056480624,YES
-0.526856824765563,0.31497197049049,0.0708863072247491,0.668200563781192,-1.46094467770669,YES
-2.58866652053775,-1.40817827500735,-1.92125468764015,-0.410459529108729,-0.663609933031921,YES
-1.66253395923957,-1.58968880585391,-2.02000895371317,-1.09766941949665,0.680321767817975,YES
-0.460742837692011,-0.926917016833813,-1.05482614721758,-0.170313943821665,-0.364741092172058,YES
-2.5298170693732,-0.442129861422045,-0.0965401332015829,-0.130285859683273,-0.00258588065608091,YES
-1.75805686217566,0.133337026333993,-1.39512253662008,0.833454444965509,-1.79206032033627,YES
-0.224756892488163,-1.32100019537202,-0.971421786207479,-0.567173409093517,-0.158422210161776,YES
-0.485185028020535,-0.90280618715903,-1.87130579027449,-0.41462575636435,-0.465689832465554,YES
-2.16613280137116,-1.06789675492098,-2.12646347883661,-0.995981467318248,0.387825156762883,YES
-1.72782436492866,-1.08383787767946,-1.88453860978901,-0.789767246923828,-0.148283900126869,YES
-0.782128013274265,0.831434728900467,0.0787976436765306,1.43242468717959,-1.81795538258906,YES
-1.39163418440437,-1.78451167729024,-2.31293176504497,-1.126751756167,0.0425923608919819,YES
0.578699394457651,0.854553246752367,0.765173896160062,1.32536970730876,-1.3214361906744,YES
-0.732288147518071,-0.912119378102693,-1.29869572396845,-0.645205432332696,0.369420164480698,YES
-1.6406698552768,-1.13908211104572,-3.26777602571411,-0.324396671741007,-0.960881431488141,YES
-1.84044530805019,-1.64252692571787,-1.56666775122755,-1.0869941884815,0.220267719340312,YES
-2.1325511716863,-0.418502278921248,-0.138512976113321,-0.133412149148144,-0.310141837275331,YES
-2.06768597524953,-0.109349824524018,-0.392403001704486,0.625392977003855,-1.18887213372871,YES
-2.54825067734389,-1.44740592398447,-2.12554776326421,-1.29686215455991,0.83304818645598,YES
-1.3439571370446,-1.26507301799016,-0.0706765415168221,-0.906200043194039,0.385548369524213,YES
-0.538868380737007,-0.244061836854971,-1.08413327408491,0.337764395101474,-1.57471240327265,YES
-0.517387752033926,-0.997856386645545,-2.70682254413273,-0.558552317793337,-0.461391682739357,YES
-2.15133668529057,-0.4903086477396,0.751155134048333,0.614672290469792,-0.993335458973078,YES
-3.59638579968198,-1.10529782958338,0.0605484353350072,-0.243960620138586,0.16851078109307,YES
-2.46323241860412,0.0184777452289468,-1.03930236557456,0.78892468424119,-1.64543415762694,YES
-3.26364608767416,-1.23888405113134,-0.256977867980122,-0.892102363211849,1.2964096488921,YES
-3.28123472459203,-0.677945407834956,-1.03686630204264,-0.166682409280987,0.0883631218671184,YES
-1.81571304607562,-0.41906035847252,-0.144345930531811,0.507355414983574,-0.680473035155466,YES
0.161363009650776,1.55074096910648,0.555801151576179,1.75631338002069,-2.16474572832414,YES
0.87979850633151,-0.575996249984162,-1.85087186433316,-0.615090186227523,-0.60623222155817,YES
1.7468521935456,1.16191440052523,-0.292749439597964,1.81648256935549,-2.33733943824645,YES
-0.570608890955814,-0.387996573668384,0.327872533360132,-0.0386771735237681,-0.0533709977001613,YES
-0.778778431648059,-0.621986251110206,-0.20614873080898,0.011014883768935,-0.580739966087164,YES
0.825857039032152,-0.298727158794672,-0.334841117559789,0.00939399134217734,-0.679670238650181,YES
0.86321580662232,1.45908455588369,0.0337787730288343,1.58699881037725,-1.84500294756483,YES
1.06454728237178,1.619893886609,-0.811782724892875,1.55861968139884,-2.22994996981821,YES
1.64160132218966,-1.72277604091379,-2.67474125789116,-1.51911977315792,0.135037690371135,YES
2.40499994005712,0.785403852886179,-0.872856224343298,0.729500829195196,-1.50545687101008,YES
1.39449478726689,0.746831535704363,0.0759951330734196,0.786195276308333,-1.48366843021896,YES
1.80409335868809,0.405497093877972,-0.673992311292426,0.447055790055577,-1.451363311579,YES
0.985760961588172,1.82895076287108,0.817226427108976,1.88912870685817,-2.16796981424005,YES
1.30615333584472,-1.36956528824739,-0.950738271955324,-0.827855465907418,-0.452405705842905,YES
0.596006992188961,0.27486762853612,-0.673809410642293,1.10171893109224,-1.9659896176125,YES
-0.0619478259177612,-0.281478864590593,-0.0291882869048972,-0.494342713851107,0.156581694961035,YES
2.20385404807599,-0.235404090903208,-2.46639283390495,-0.31964058339394,-0.64155071928998,YES
-0.795443236793342,1.01694712623153,1.48634980606011,1.63347487705805,-1.71986435996576,YES
1.44939442674144,-0.349438559014317,-0.681332863949427,-0.432257462490763,-0.553229747702259,YES
0.779051778037585,-0.914617919113323,-1.52760004571828,-0.526821760559613,-0.520101319680613,YES
-0.833274477644123,-0.693913275062396,-1.08568172207228,-0.216773515149485,-0.74909720862034,YES
0.932165766222094,0.37104007959743,-0.0355411583914938,-0.113349406914124,-0.240982440317922,YES
-0.6152103505933,-0.539528556917583,-2.69106022478052,-0.25951669030146,-0.997042763602506,YES
-2.17623054583546,-1.70955970350299,-1.27476004414186,-0.773249135133092,0.10705989114784,YES
-2.18507806718985,-0.566590153767735,-0.0383596251180258,0.421778789741043,-0.975035200643937,YES
0.487692373675179,0.988472450758292,0.308958585418981,0.758160256196987,-1.01949600165545,YES
-0.187530362870249,1.18037836819818,-0.252568041620588,1.18806765211522,-1.55124814677998,YES
1.69955269550764,-1.08551707721981,-0.962303817734545,-0.399783596054316,-0.756944314505285,YES
-0.480205535694219,-0.873664161563299,-1.18395909529814,-0.504090373628075,-0.195146207000556,YES
-0.751129106675107,-0.214386332870749,-0.359953624230948,0.254435623128543,-0.849794295152782,YES
-0.880583448432724,0.339920704380785,0.344545171498057,1.0513882934302,-1.37450792195722,YES
-0.957881281936032,2.23617819294919,-0.122827152036205,1.92632254530953,-1.72006889633052,YES
0.763650987111519,0.158965455224327,-0.926021253506726,0.590428699403776,-1.56542784330531,YES
0.329652926480486,-0.809375447010121,0.398486651150121,-0.496561210622449,-0.124493768075095,YES
0.305320351839635,2.21065170292631,0.845502256643094,2.51943686075049,-2.62798347048546,YES
-0.0748490362629158,0.71642723898968,0.784536947940444,0.95236170180037,-0.730511442617786,YES
-1.21916601588413,-0.273755988580377,-1.5729813329074,0.576894404889485,-1.18877873987611,YES
0.0555762007016037,0.603309612778409,0.0513958028120293,0.892054370105161,-1.00176560240295,YES
0.328056463424128,0.244537041242807,-1.1618186314879,0.234443844382881,-0.517735087347179,YES
0.832426755442421,-0.368017710753967,-0.479034836918683,-0.124490123619063,-0.870548281006808,YES
1.31288075790939,-0.338511093100959,-0.147058862979223,-0.75019215905045,0.488533611909349,YES
0.599576732403091,-0.170022275539584,0.229398455937023,-0.0205090467282184,-0.907006332152961,YES
0.455841561867405,1.88412715177835,0.704350873949112,2.37314170792304,-2.62328706669834,YES
0.17770218289864,-0.607472574593529,-1.05292509661095,-0.418856758416639,-0.480796734686696,YES
1.62634722061342,0.33444689955519,-1.36323586473234,0.501569782735473,-1.52064454861675,YES
0.791937100586801,-0.354433516874432,-0.0254820251599122,0.205849826962123,-1.16139793263611,YES
0.76446555779119,1.65672098961414,-0.198261432067423,1.88582880580503,-1.79288584476759,YES
-0.05134557784443,-0.699973321594058,-0.74303038371743,-0.940967748131104,0.957838684972252,YES
0.332304047289241,-0.378293749499118,-0.800719396648757,0.255029634763875,-1.19018895058817,YES
2.49882041731853,0.0966005611948523,-0.170920963530706,0.832123473882042,-2.15076084360818,YES
0.649228438797338,-1.50387269379459,-2.08827272261855,-1.28017912643384,0.08268368080802,YES
-0.264239367111267,0.461397592838958,-0.365171921029862,0.648449067126246,-1.2718601785612,YES
-0.548948311620417,-0.390298891378755,-0.0700407924353794,0.10617650784349,-0.591866812331762,YES
2.47199677921757,0.841194030783484,-0.254709092949514,0.685520087299975,-1.34217999351284,YES
0.293566049100996,-0.672252226348224,-1.54582216076749,-0.470483539387704,-0.339729547236179,YES
1.41433912827851,0.965169408449548,-0.0863672091909632,1.35589821945703,-2.24596763286105,YES
-0.504641697420335,0.234962872367831,0.628544950810155,0.582338543821881,-1.250032559808,YES
0.0500827795621764,-0.755692700643957,-0.711919305025303,-0.697557549966071,-0.253841101765966,YES
1.50847834120105,-0.501270366530716,-0.915281287457478,-0.25598876710282,-0.884118607738947,YES
-0.556062808845276,-0.43275063297996,0.128039466463993,-0.387673389798813,0.149731700255942,YES
0.412904179057312,0.53858421986691,-0.487562897620256,0.572772010225881,-1.41235566579495,YES
0.500706925581089,-0.131245386355731,-0.924116119824083,0.402804985430536,-1.19165461103338,YES
-0.521957195127635,0.211025232148231,-1.8648869639259,0.0996990708264036,-0.608933930694013,YES
0.339578401566327,-1.19989864541023,-2.23022323068591,-0.658432784180328,-0.263818612317512,YES
1.0002386041804,0.503378747344332,-0.382543116008231,0.786362365835938,-1.57565704006146,YES
1.82555459795736,0.427925720732694,0.659176104235153,1.05470737694919,-1.79959976579327,YES
1.26458952979781,-0.795104852534155,-1.50078569232571,-0.229557913531905,-0.968061637281426,YES
-1.20710792353276,-2.84400267201157,-1.7403150634495,-2.00191315444248,0.994475752977037,YES
1.23537743983156,-0.230621029982631,-1.23863474580027,0.150992652565219,-1.15167941042545,YES
1.28159624896201,-1.28574566772108,-2.01231688255237,-0.691131983248803,-0.675252600061222,YES
0.453214606521744,-1.03634409684974,-0.652721415387509,-0.766501064270383,0.516876850863547,YES
-0.56199008023504,-0.12886153838262,-0.381963944178189,0.449409923340619,-0.868152421223902,YES
0.20379162306252,1.31761015785048,1.27478995468006,1.94173967013076,-1.90039474693387,YES
0.0490309481023134,0.879544367411178,0.172974796231819,1.42887549234268,-1.91663054873084,YES
1.11594386942515,0.795843906950866,-0.627640750818188,1.05811233967754,-1.52305308371584,YES
1.63242317934699,1.73326765336973,0.606956027502639,1.71277247356986,-1.9546972484351,YES
0.261659961150335,0.312783928375901,0.200859954836725,0.645523410797833,-0.664333904150047,YES
-1.70479545035557,0.115180634044356,0.200032019277111,0.206889951047802,-0.435041562680982,YES
-1.52969312432765,0.118570647014028,0.228782509390965,1.17895506860363,-1.5533073052339,YES
-1.33122010547801,-0.0338162714718082,-0.82079102566458,0.942116824098529,-1.64123779980133,YES
-2.17913933818837,-1.71428712810393,-0.958266349026675,-0.760793134290929,0.171246519971773,YES
-1.24958696319747,1.79798966040486,1.17691975006747,1.87237486637016,-1.27942862384502,YES
-0.14196369819764,0.694863921420786,-0.174778592038185,0.992661002375491,-1.63875168577683,YES
1.11460315346584,0.223819202542045,0.381938550968908,0.595075774114235,-1.44596041536228,YES
-1.04864946739374,-0.659264125733604,-0.776320035993768,-0.563264435922332,0.184757774096836,YES
0.380980865977493,0.233277633224249,0.506821327523218,0.196893017418357,-0.363157930182795,YES
1.18868097222741,0.136751845153688,-0.168680016048061,0.780496313791168,-1.22341565794453,YES
0.901970138944816,0.854899616617586,0.0321746285973338,1.39158217203502,-2.01111965168269,YES
0.75444993111267,0.940310302671646,1.73938655342207,1.15564689983235,-1.05651140237857,YES
-0.803393903321556,-0.701893068451141,0.768408372468989,-0.317951425140518,0.114967407240093,YES
0.316580868820253,-0.0171156348998213,-0.653987050439748,0.437955803964684,-0.953494417235933,YES
0.146654626449478,-0.882344312160088,-0.284388035633688,-0.743137329170034,0.299433509233262,YES
1.21060150230264,0.525252760256841,-1.11643851820942,0.598862255138011,-1.11078893196809,YES
-1.35249581482308,-0.374377568276505,0.1022646357622,-0.00840426742172535,0.0936944763972815,YES
-1.51932961956396,-0.929281209246641,-1.35316322142989,-0.510077721852149,0.664316172580153,YES
-0.773870980878243,-0.736614720789502,-1.01347651160637,-0.339567605644873,0.112535500446833,YES
-1.1259727531545,0.507501320650649,-0.383187324416269,1.26074516184394,-1.5603368278231,YES
-0.109568366579231,1.41171996601129,1.60689066000338,1.37532553996772,-1.07103527954595,YES
-2.20551449461959,-1.00134874617845,-0.141609498030182,-0.158640486112481,-0.0163133006762914,YES
-0.518277705005033,-0.0136073247915743,-0.0568385431617822,0.666069262764989,-0.677947996700688,YES
-1.44469094742457,0.340319446543633,0.777797030249681,0.874409110022354,-0.434089025824145,YES
-1.34819791429259,-0.680729457997822,-1.22278410530061,-0.311796595843059,-0.250837026933725,YES
-2.05135867662768,-0.571741811864054,-1.36059400444921,0.184778786416319,-0.512773030544877,YES
-1.63264521533266,-0.108413837285221,0.0210601999625006,0.255378972121943,-0.38335450639342,YES
-1.59051591336542,-0.714954837602317,-0.510205399080827,0.0265192103058833,0.0215718997159538,YES
-0.653411110283035,-2.25441576105926,-1.1523323971042,-1.48791073521226,1.23322563750164,YES
-1.47909516530129,0.590271847589761,-0.646228757037776,0.86640518724478,-0.987829675670616,YES
-2.09441404235295,-1.14779630665397,0.195392193572752,-0.504698017936908,0.407436574761301,YES
-3.63680083250214,-2.12844529734019,-2.50172677575409,-2.16429828689686,2.06478024816031,YES
-2.83253846865087,-0.734400110907631,-0.661838099735566,-0.0181730053666571,-0.448681252343335,YES
-1.12457992730194,-0.44597468601592,0.512256692120464,0.163845762761316,-0.904016509037209,YES
-1.10022368080796,0.363160326015764,-0.389155775386891,0.901358761889078,-1.21125969374721,YES
-1.45317878617064,-1.55008477037777,-0.746512749684164,-1.07775781835136,0.810744744257177,YES
-1.14475158209158,0.129455497526983,-0.594870207542903,0.744890879232407,-1.45467943823226,YES
-1.31046521668219,0.442900142297887,-0.97270722153064,0.775935809863129,-1.30873236158087,YES
-4.34488770538563,-2.43194009779177,-2.36960726189371,-1.63108868808059,1.10899137877759,YES
-0.180755876103601,-1.01977516891792,-0.934910973935451,-0.675807570504326,0.473610437632776,YES
-1.97291836957458,-1.19672857628152,-1.13355588862284,-0.75519252697668,0.393120707724626,YES
-3.53923299897425,-1.72827732066352,-1.23225580932844,-1.43135308848244,1.36147735825083,YES
-0.332143152160531,-0.119798281612823,0.874834645062017,-0.065680993700726,-0.089066916860614,YES
-3.3142625215023,-1.38324350873783,-0.713153859745664,-0.849184329052234,0.842523928772465,YES
-2.60202924526611,-0.992502985678496,-1.95842621989217,-0.500802949808012,0.605852583654002,YES
-1.95867075177269,0.495803521596432,0.120837634777513,0.76957559364832,-1.05829700054729,YES
-0.51322559140135,0.470356704797103,-0.551745845666947,1.11390538298147,-1.4928002411531,YES
-3.94734334123866,0.000968731665103629,-1.3993677413836,-0.0408410538087339,0.345658362347042,YES
-2.43518112718684,-0.850775394325706,-0.73467372368711,-0.193663463990105,0.414374502366642,YES
-2.30658836116893,-0.203871001789343,0.796819525005833,0.405967735113153,0.0146846695892412,YES
0.418474149974169,1.3321343537428,0.0459296254475004,1.14330764362481,-1.38457432438705,YES
2.01622176599245,0.548890333882205,0.0162369540770897,1.03067222682183,-2.19767189868363,YES
2.10251110502637,0.746815754422323,-0.427504062442625,1.12015882432411,-1.94369072559776,YES
1.90288387525165,0.418293497182625,-0.270732070014364,0.262754990919678,-0.946853049178599,YES
0.887397391094337,-0.527178843732549,-1.45548375949997,-0.200560712497103,-0.616040941332937,YES
1.19692971049144,0.535536536453611,-0.198998143275867,0.157611707194168,-0.159650935596607,YES
0.304939970828549,1.98827119865847,-0.768379763498236,1.82016161010214,-2.01039310289263,YES
1.02601356441149,1.75011645203583,0.628149343137515,2.13899536221072,-2.38577509394199,YES
0.141082066304265,1.58762024582482,-0.554898604071275,1.28265196693047,-1.44465611284516,YES
-1.99215412521798,-0.0838727191473009,-1.65234049728528,0.651905234086061,-1.04088195266548,YES
-0.464803076160335,-0.189391885232321,-0.298005409050066,0.133460059001298,-0.888714596610674,YES
-1.79208924894113,0.524030503475839,0.0754780493300973,0.764513712526019,-0.840157299832454,YES
0.71170017685492,0.900780141931212,-0.459330287563802,1.3861095511803,-1.74358759155895,YES
0.805487242254785,1.25442531675022,0.633633356214229,1.47663380189399,-1.9000420026941,YES
1.1924201358681,0.215540094365517,-1.14198254172422,0.186778372038327,-1.05047786889514,YES
0.180582287247458,-0.202312349176567,0.148153962623963,-0.0940322038523237,-0.397981619497104,YES
1.28442167288654,0.338142688506755,-0.562369981238717,0.434744094652831,-1.34325211224217,YES
-0.378175580916638,-0.488632172752012,-0.126961246755714,0.137532280605975,-0.387224683351351,YES
0.711873263576864,-1.71983901110699,-2.27859966211323,-1.48587803398771,1.10405229797816,YES
0.991486940175559,0.146149119837698,-0.515976456862293,0.505304154992379,-1.41622215293937,YES
2.00567132225297,-0.432255331990558,-0.675683549674583,-0.308914551013103,-0.234732708138626,YES
1.43921871740491,0.214671214021629,0.602520353673151,0.219749497587177,-0.696301265368365,YES
2.10193314354902,0.153384830518903,-0.382590486769599,0.593184346340743,-1.69071837055485,YES
1.39350757265276,0.396400838996368,-0.80646555281446,0.418827533772962,-1.40582552287698,YES
2.49959195676749,-0.742999290182105,-2.06372289966852,-0.480826586736138,-0.156563929746425,YES
0.889825836977883,0.761003978548928,1.15698619929281,0.700314698436694,-0.989508569990364,YES
2.52011557605542,-0.929159483048772,-2.54277126066743,-0.867586897285274,-0.451159807684926,YES
1.16051051433965,0.747077520270907,-0.0940001892206238,0.661813677773109,-0.902052770225901,YES
2.09743654713261,0.52525031744189,-0.188495186147086,0.463147336891413,-1.08947666389754,YES
-0.667570221847213,0.348490707997013,-0.281070212950192,1.09081498704271,-1.85461306646877,YES
1.38026787830136,0.1542023001938,-0.605155586460395,0.375089620727995,-1.24940105875832,YES
0.410607634621972,0.943554795453286,0.112090271130745,0.941415149225836,-1.72687170038942,YES
-0.103522620850216,-0.987084347112555,-1.43210210504069,-0.838808223511874,0.150518208070737,YES
2.5158935895067,0.842754631073491,-0.428247416688035,0.835285177434207,-1.09250499061276,YES
1.70128057037754,0.874067770288926,-0.31439906069522,0.810829633866457,-1.71240998066647,YES
1.80567515678095,0.875585859909615,0.718167797645876,0.993518323991205,-1.15068725849085,YES
1.59695816704503,0.315592529184235,-1.16251200982827,0.634851604737149,-1.28008479232302,YES
1.00250483674734,-0.672136810002946,-0.805324401147199,-0.629339760884042,-0.0792619341635327,YES
-0.185709576967549,1.36179857170856,0.640830293058903,1.88179069791292,-2.42507893424967,YES
0.819278634698415,1.50366097295523,0.254330482428641,1.44986729966155,-1.65314853482578,YES
-0.273531204694856,0.389686023731352,0.17255151868102,0.701453794936258,-1.07671975674287,YES
0.833164280190198,0.465222372650244,-0.210246757771552,0.84740525750667,-1.78456627099543,YES
1.66175659049409,1.2065779374435,-0.169661314326526,1.4258730655667,-2.05610087550918,YES
1.55703643217832,1.64146208861658,-0.0825462537091013,1.56833688251188,-2.11782375994664,YES
0.460168202696596,0.387894113308083,-0.169853145313871,0.310711049784034,-0.637747977356527,YES
0.90048474978753,0.324624654712327,-0.467213947516937,0.434955348079329,-0.771703627617437,YES
-0.102503137217154,0.486631401842565,0.910458169067116,0.489890010759553,-0.972818574202472,YES
0.63068977523627,0.619616567498591,0.605952329132131,0.867906024742999,-0.94189259458282,YES
1.98032261757886,0.69860557182736,-0.335121737996713,1.50594060691221,-1.94320242090108,YES
0.732963732032123,-1.01486204394288,-0.643823191259465,-0.450509148347021,-0.399372259696118,YES
2.19231036999128,-0.142337342670958,-1.75329064903591,0.370138223712908,-1.41304796654794,YES
1.3999156123356,-0.948969009490521,-1.07517817099772,-0.050825144939259,-0.796058228290696,YES
2.12328025326878,1.80840306753508,-0.00686344904353697,1.58857086548589,-2.08465289483183,YES
1.62954874551043,-0.283628130089014,-0.190929442363484,0.15655490041041,-1.11016074577123,YES
3.79502635056213,1.3390003180008,-0.973585504466011,2.00121709379258,-3.30610816781294,YES
0.644083651234874,0.252767267267105,0.0339192161581109,1.0555220546269,-1.47322090541163,YES
1.61133096921339,2.02694740126863,0.258171933027736,2.11857529090501,-2.75289683429463,YES
1.03614483170096,0.991154977834787,-0.852463043456433,1.92884599029489,-2.69705622544389,YES
-0.718130347911609,-0.293063703947718,-1.96820838467739,0.399318459467559,-1.06539698160036,YES
3.3725249197351,1.65095214641071,-0.103055936831215,2.25352736226682,-2.87386592331118,YES
2.18108408375517,-0.76453423629735,-2.0029745871033,-0.0960438749903971,-1.03631031133189,YES
1.16631387762806,1.28556830284174,1.10340400481892,0.962000450435863,-0.686998896495347,YES
0.661008828636684,1.91454533057759,0.33266521896811,1.80793712316245,-1.76721884389654,YES
0.388712422448289,-0.00845650996286373,-1.94886887944528,-0.168787951035383,-0.448439786397169,YES
0.0103534222875844,-1.37430492547831,-2.07405717263398,-0.963990955265047,0.252421657437899,YES
0.490134524280094,-1.93551372993719,-1.12488365448312,-1.27782434581901,0.672390455685183,YES
1.95837459790355,-1.55727555421493,-0.639323031246531,-1.45548567541909,0.999163536376503,YES
1.4804331587954,2.18905471418685,3.02486857348777,2.12790697534437,-1.8888534778735,YES
-0.153051365006795,0.462179656548991,-1.28270344334183,0.406502152916359,-1.06752168365745,YES
-2.3944553053509,-1.97245799570207,-0.485482026821212,-1.13215855532107,1.41309936193019,YES
-0.152458444435079,0.81490842233901,-0.0111055739924572,1.36300658453043,-1.79656656621907,YES
-2.52503713316124,-1.25376628214846,-0.799112720812326,-0.484479372535111,0.186325756895939,YES
-2.35086832401011,-1.30878672909965,-0.32242802928327,-0.748034327064593,0.480856424514336,YES
-1.99601662766857,-0.197805660728267,-0.911392428149935,0.418793759298276,-0.85542622496526,YES
0.425513240346414,1.0629183079766,-0.122832239983245,1.41463089632821,-1.6208100301467,YES
-0.235313381506294,0.595582538529197,-0.674493110824431,1.51674315316781,-1.90663880522348,YES
0.52066618419927,2.04396113476634,2.18793715627543,2.33648489079387,-2.11293317780019,YES
0.251113841928733,0.161029029369631,-1.04349327819889,0.436039574784259,-1.15296187425965,YES
0.499821309403559,1.53096171075514,0.437425807447814,1.69258231325402,-1.50823741986817,YES
0.4424966450801,0.447393422008852,0.675055353981932,1.30883558047645,-1.7259509294106,YES
1.12395256449722,0.385944589647804,-1.34816924618842,0.988279176309015,-1.75584295588409,YES
0.388880753106527,-2.39975890466532,-2.57586013818603,-2.17360557078589,1.35552196828691,YES
0.0155675858503675,0.176886591544228,0.0746718291431799,0.822581597151977,-0.929669274599684,YES
-0.333063949667352,-1.64857235567062,-2.13010958114625,-1.28313177611963,0.300597310779502,YES
0.673977313248215,0.554717465600421,-0.506132522554624,0.447627292379659,-0.739054676489636,YES
0.435333133482979,-0.250202332778127,-0.61601368086887,0.438666725968326,-0.924120941761029,YES
1.77537124752063,2.4715524101869,0.172191411545409,1.96114258593295,-1.96696537081635,YES
-0.270682442214831,1.39996816531578,0.197890109944786,1.90532827047867,-2.22395685727391,YES
0.873898649615304,2.64927650215343,2.45041774252054,3.00159205177895,-3.23544077538897,YES
-0.490560323046738,-2.17825422877992,-2.2986168331271,-1.31003018399143,0.401105492540541,YES
1.72568599575611,0.52628820423612,0.512605410853271,0.334172272866245,-1.10849913642123,YES
